year,temp_mean,temp_sd,n_days,window_start,window_end
1980,3.353488372093023,2.3363941323176274,43,1980-03-26,1980-05-07
1981,3.3372093023255816,1.8033069167786948,43,1981-03-26,1981-05-07
1982,3.7488372093023257,1.505129656339289,43,1982-03-26,1982-05-07
1983,4.386046511627907,2.1908447376415854,43,1983-03-26,1983-05-07
1984,4.6069767441860465,2.567136198441963,43,1984-03-26,1984-05-07
1985,2.1674418604651162,2.277500815977331,43,1985-03-26,1985-05-07
1986,3.6534883720930234,3.4885082660760056,43,1986-03-26,1986-05-07
1987,3.213953488372093,2.263328921590711,43,1987-03-26,1987-05-07
1988,3.713953488372093,2.4194235239538675,43,1988-03-26,1988-05-07
1989,5.26046511627907,2.827849556084869,43,1989-03-26,1989-05-07
1990,7.246511627906977,3.6121058913187567,43,1990-03-26,1990-05-07
1991,4.674418604651163,2.1624603517703993,43,1991-03-26,1991-05-07
1992,4.162790697674419,2.136310042574964,43,1992-03-26,1992-05-07
1993,5.413953488372093,4.240147200687665,43,1993-03-26,1993-05-07
1994,4.886046511627907,2.6315468378294016,43,1994-03-26,1994-05-07
1995,4.586046511627907,3.2320258570503895,43,1995-03-26,1995-05-07
1996,4.0488372093023255,3.0112781729313847,43,1996-03-26,1996-05-07
1997,3.7627906976744185,1.9581360495335443,43,1997-03-26,1997-05-07
1998,4.669767441860465,3.4638634419718417,43,1998-03-26,1998-05-07
1999,5.481395348837209,1.650000838954114,43,1999-03-26,1999-05-07
2000,6.272093023255814,3.6760696908645545,43,2000-03-26,2000-05-07
2001,4.595348837209302,2.597338701016145,43,2001-03-26,2001-05-07
2002,5.43953488372093,2.46905992664682,43,2002-03-26,2002-05-07
2003,4.137209302325582,2.7102120155875657,43,2003-03-26,2003-05-07
2004,5.811627906976744,3.0234960293016195,43,2004-03-26,2004-05-07
2005,4.876744186046512,2.423873052752196,43,2005-03-26,2005-05-07
2006,4.8348837209302324,3.3898225631980767,43,2006-03-26,2006-05-07
2007,6.102325581395349,2.0345221004420555,43,2007-03-26,2007-05-07
2008,6.174418604651163,2.774466317043249,43,2008-03-26,2008-05-07
2009,6.158139534883721,2.592042085025364,43,2009-03-26,2009-05-07
2010,4.152325581395349,1.5205322332740103,43,2010-03-26,2010-05-07
2011,5.248837209302326,3.0216183059999375,43,2011-03-26,2011-05-07
2012,5.001162790697674,2.3602483821092153,43,2012-03-26,2012-05-07
2013,3.527906976744186,2.8522610564248474,43,2013-03-26,2013-05-07
2014,6.2953488372093025,2.713805401344699,43,2014-03-26,2014-05-07
2015,5.823255813953488,1.700257292756757,43,2015-03-26,2015-05-07
2016,6.318604651162791,2.263505058421929,43,2016-03-26,2016-05-07
2017,4.862790697674419,2.3154782757835783,43,2017-03-26,2017-05-07
2018,5.472093023255814,3.3762000040476154,43,2018-03-26,2018-05-07
2019,6.455813953488372,3.274817503136363,43,2019-03-26,2019-05-07
2020,6.290697674418604,1.9283368053829348,43,2020-03-26,2020-05-07
2021,5.216279069767442,1.7945592684235392,43,2021-03-26,2021-05-07
2022,5.341860465116279,2.732279055515615,43,2022-03-26,2022-05-07
2023,4.9906976744186045,2.710808520533028,43,2023-03-26,2023-05-07
2024,5.690697674418605,3.245496069903085,43,2024-03-26,2024-05-07
2025,6.555813953488372,2.2701271545655546,43,2025-03-26,2025-05-07
