component,term,parameter,median,mean,SE,CI_low,CI_high,Rhat,Bulk_ESS,Tail_ESS
location,Intercept,b_Intercept,6.07725185,6.0769138066125,0.025749110524142103,6.02512108,6.1265860525,1.0018925286498974,1212.372787857858,2393.5605767827133
scale_log_sigma,Intercept,b_sigma_Intercept,-0.5286856550000001,-0.529201181175,0.025828948635751782,-0.580900685,-0.47762757325000005,1.0018878448414057,1894.2029751369976,3688.558130964243
location,rel_LD,b_rel_LD,-0.053671843,-0.053666907227375,0.0014159252388529018,-0.0564285678,-0.0509186755,0.9998196127311942,8682.118036827831,7209.316980294535
location,temp_mean_c,b_temp_mean_c,0.096309931,0.09668421539484125,0.02676277378027027,0.044383866025,0.15015099024999998,1.0026596307596456,1324.1986681241492,2250.680966754406
location,year_c,b_year_c,0.0057405651,0.005739287485347875,0.0022235786270427553,0.001262702965,0.01003430805,1.0013867895593307,1393.9981049482103,2564.902143962594
location,age_classOLD,b_age_classOLD,0.181017015,0.18078828745375,0.013900430411131858,0.15323302825,0.20728484625,1.000737322559775,8061.844073242523,6334.363529076395
scale_log_sigma,rel_LD,b_sigma_rel_LD,0.018614076,0.018620516349125,0.0015421670514708678,0.015576540525,0.021654960374999994,1.0014463233721609,5483.4651551282,7060.8573167388495
scale_log_sigma,temp_mean_c,b_sigma_temp_mean_c,0.00766159575,0.0076249526725057,0.021711918969770084,-0.035579093124999996,0.049584689149999875,1.0014599496535888,2106.742554522586,3684.7325402759275
scale_log_sigma,year_c,b_sigma_year_c,0.00207904255,0.00210890321329981,0.0018165527347303568,-0.00142511279,0.005713169009999997,1.0023024624655674,2647.569127867936,4615.980800753192
scale_log_sigma,age_classOLD,b_sigma_age_classOLD,-0.0173646965,-0.0171934344686286,0.019647018059475677,-0.055952399449999995,0.021629983624999974,1.0006545326887184,4402.534050245647,5034.230717082808
scale_random_SD,sd_year_f__sigma_Intercept,sd_year_f__sigma_Intercept,0.105743435,0.107225966176625,0.017529601360330088,0.07622311195,0.14565515275,1.0027583161046727,2289.169123910571,3939.124051649068
