component,term,estimate_full,estimate_no_two,change
cond,(Intercept),6.074483665596173,6.0750573667371395,5.737011409667758e-4
cond,rel_LD,-0.05336563568008804,-0.05275904949617452,6.065861839135225e-4
cond,temp_mean_c,0.09357603140877827,0.0919845267748383,-0.0015915046339399636
cond,temp_sd_c,0.017983088154779198,0.0212589130112848,0.0032758248565056027
cond,year_c,0.005830208538946678,0.005898910568322175,6.870202937549717e-5
cond,age_classOLD,0.18395568346532337,0.186102695521824,0.002147012056500641
disp,(Intercept),-0.5262187743949471,-0.5236998872981166,0.0025188870968305688
disp,rel_LD,0.018843882786889782,0.016209901015979924,-0.0026339817709098573
disp,temp_mean_c,-0.004338721008416539,0.0018086416342817874,0.006147362642698327
disp,temp_sd_c,0.045515648739832736,0.029645743488651764,-0.015869905251180972
disp,year_c,0.002399037402885293,0.0017043443905659956,-6.946930123192974e-4
disp,age_classOLD,-0.013860976922045602,-0.023284670550539534,-0.009423693628493933
