year,year_c,estimate,SE,CI_low,CI_high
1980,-22.5,3.9750330995502288,0.2852318781730448,3.415978618331061,4.5340875807693966
1980.1882845188284,-22.311715481171632,3.9832994209544106,0.2835746856984887,3.4274930369853727,4.539105804923448
1980.376569037657,-22.123430962343036,3.9915657423586026,0.2819197431554873,3.4390030457738474,4.544128438943358
1980.5648535564853,-21.935146443514668,3.9998320637627844,0.28026709040075115,3.4505085665773123,4.549155560948257
1980.7531380753137,-21.7468619246863,4.008098385166966,0.2786167681808404,3.462009519532519,4.554187250801413
1980.9414225941423,-21.558577405857704,4.016364706571158,0.2769688181553202,3.4735058229867306,4.559223590155586
1981.1297071129707,-21.370292887029336,4.024631027975341,0.2753232829205715,3.4849973934510206,4.564264662499661
1981.3179916317993,-21.18200836820074,4.032897349379533,0.27368020603425575,3.496484145552391,4.569310553206674
1981.5062761506276,-20.993723849372373,4.041163670783714,0.27203963204050224,3.50796599198433,4.574361349583098
1981.694560669456,-20.805439330544004,4.049429992187896,0.2704016064957778,3.5194428434561718,4.57941714091962
1981.8828451882846,-20.61715481171541,4.057696313592088,0.26876617599550817,3.5309146086408925,4.584478018543284
1982.071129707113,-20.42887029288704,4.0659626349962705,0.2671333882014507,3.542381194121427,4.589544075871114
1982.2594142259413,-20.240585774058673,4.074228956400452,0.26550329186982213,3.5538425043356003,4.5946154084653035
1982.44769874477,-20.052301255230077,4.082495277804644,0.2638759368802361,3.5652984415193814,4.5996921140899065
1982.6359832635983,-19.86401673640171,4.090761599208826,0.2622513742654559,3.5767489056485324,4.60477429276912
1982.824267782427,-19.675732217573113,4.099027920613018,0.26062965624196255,3.5881937943787716,4.609862046847265
1983.0125523012553,-19.487447698744745,4.1072942420172005,0.2590108362414097,3.5996330029840378,4.614955481050363
1983.2008368200836,-19.299163179916377,4.115560563421382,0.2573949689429294,3.61106642429324,4.620054702549524
1983.3891213389122,-19.11087866108778,4.123826884825574,0.25578211030635883,3.6224939486251104,4.625159821026037
1983.5774058577406,-18.922594142259413,4.132093206229756,0.25417231760639175,3.6339154637212285,4.630270948738284
1983.765690376569,-18.734309623431045,4.140359527633938,0.25256564946766036,3.645330854677324,4.635388200590553
1983.9539748953976,-18.54602510460245,4.14862584903813,0.250962165900805,3.6567400038725517,4.640511694203707
1984.142259414226,-18.35774058577408,4.156892170442312,0.24936192833953766,3.668142790896818,4.645641549987806
1984.3305439330543,-18.169456066945713,4.165158491846494,0.247764999678705,3.679539092476232,4.650777891216756
1984.5188284518829,-17.981171548117118,4.173424813250686,0.2461714443134097,3.690928782396403,4.655920844104969
1984.7071129707113,-17.79288702928875,4.1816911346548675,0.24458132817919495,3.7023117314236456,4.66107053788609
1984.8953974895398,-17.604602510460154,4.18995745605906,0.24299471879329698,3.7136878072241974,4.666227104893921
1985.0836820083682,-17.416317991631786,4.198223777463242,0.2414116852970363,3.7250568742810506,4.671390680645433
1985.2719665271966,-17.228033472803418,4.206490098867424,0.23983229849931295,3.7364187938087707,4.676561403926078
1985.4602510460252,-17.039748953974822,4.214756420271616,0.23825663092127647,3.7477734236659144,4.681739416877318
1985.6485355648535,-16.851464435146454,4.2230227416757975,0.2366847568421729,3.7591206182651384,4.686924865086456
1985.836820083682,-16.663179916318086,4.23128906307998,0.23511675234637397,3.770460228481087,4.692117897678873
1986.0251046025105,-16.47489539748949,4.239555384484172,0.2335526953716427,3.781792101555752,4.697318667412591
1986.2133891213389,-16.286610878661122,4.247821705888354,0.23199266575863958,3.7931160810014206,4.702527330775288
1986.4016736401675,-16.098326359832527,4.256088027292545,0.23043674530166838,3.8044320065012753,4.707744048083815
1986.5899581589958,-15.910041841004158,4.2643543486967275,0.2288850178007277,3.815739713807301,4.712968983586154
1986.7782426778242,-15.72175732217579,4.27262067010091,0.22733756911482828,3.8270390346358463,4.718202305565973
1986.9665271966528,-15.533472803347195,4.280886991505102,0.22579448721663875,3.83832979656049,4.723444186449714
1987.1548117154812,-15.345188284518827,4.289153312909283,0.22425586224845415,3.849611822902313,4.728694802916253
1987.3430962343095,-15.156903765690458,4.297419634313465,0.2227217865794833,3.860884932617678,4.733954336009253
1987.5313807531381,-14.968619246861863,4.3056859557176574,0.22119235486449754,3.8721489401832425,4.739222971252072
1987.7196652719665,-14.780334728033495,4.31395227712184,0.21966766410383204,3.883403655478329,4.7445008987653505
1987.9079497907949,-14.592050209205127,4.322218598526021,0.21814781370472774,3.894648883664755,4.749788313387287
1988.0962343096235,-14.403765690376531,4.330484919930213,0.2166329055440491,3.905884425063877,4.755085414796549
1988.2845188284518,-14.215481171548163,4.338751241334395,0.21512304403235938,3.917110075030971,4.76039240763782
1988.4728033472804,-14.027196652719567,4.347017562738587,0.21361833617933096,3.928325623827099,4.765709501650076
1988.6610878661088,-13.8389121338912,4.35528388414277,0.21211889166052633,3.939530856488138,4.771036911797402
1988.8493723849372,-13.650627615062831,4.363550205546951,0.21062482288548284,3.950725552691405,4.776374858402497
1989.0376569037658,-13.462343096234235,4.371816526951143,0.2091362450671275,3.9619094866195734,4.781723567282713
1989.2259414225941,-13.274058577405867,4.380082848355325,0.20765327629248093,3.973082426822063,4.787083269888588
1989.4142259414225,-13.085774058577499,4.388349169759507,0.20617603759460432,3.984244136074082,4.792454203444931
1989.602510460251,-12.897489539748904,4.396615491163699,0.2047046530257866,3.995394371233157,4.79783661109424
1989.7907949790795,-12.709205020920535,4.404881812567881,0.20323924973191293,4.006532883093332,4.80323074204243
1989.979079497908,-12.52092050209194,4.413148133972073,0.20177995802794635,4.017659416237298,4.808636851706848
1990.1673640167364,-12.332635983263572,4.421414455376255,0.20032691147450932,4.028773708886217,4.814055201866293
1990.3556485355648,-12.144351464435204,4.429680776780437,0.1988802469554441,4.0398754927477665,4.819486060813107
1990.5439330543934,-11.956066945606608,4.437947098184629,0.19744010475632032,4.050964492862241,4.824929703507016
1990.7322175732218,-11.76778242677824,4.446213419588811,0.19600662864378388,4.062040427446995,4.830386411730627
1990.9205020920501,-11.579497907949872,4.454479740992992,0.19457996594563404,4.07310300773955,4.835856474246435
1991.1087866108787,-11.391213389121276,4.462746062397184,0.19316026763154945,4.084151937839348,4.841340186955021
1991.297071129707,-11.202928870292908,4.471012383801367,0.19174768839432363,4.095186914548492,4.846837853054241
1991.4853556485355,-11.01464435146454,4.479278705205549,0.19034238673145795,4.106207627211892,4.852349783199206
1991.673640167364,-10.826359832635944,4.487545026609741,0.18894452502699038,4.11721375755684,4.857876295662642
1991.8619246861924,-10.638075313807576,4.495811348013922,0.18755426963337618,4.128204979532505,4.86341771649534
1992.050209205021,-10.44979079497898,4.504077669418114,0.1861717909532193,4.1391809591498046,4.868974379686424
1992.2384937238494,-10.261506276150612,4.512343990822297,0.18479726352069256,4.15014135432174,4.874546627322854
1992.4267782426778,-10.073221757322244,4.520610312226479,0.18343086608237405,4.161085814705026,4.880134809747932
1992.6150627615064,-9.884937238493649,4.528876633630671,0.18207278167729862,4.172013981543166,4.885739285718176
1992.8033472803347,-9.69665271966528,4.537142955034852,0.1807231977159427,4.182925487511604,4.8913604225581
1992.991631799163,-9.508368200836912,4.545409276439035,0.1793823060578401,4.193819956565668,4.896998596312401
1993.1799163179917,-9.320083682008317,4.553675597843227,0.1780503030875472,4.204697003791634,4.902654191894819
1993.36820083682,-9.131799163179949,4.561941919247408,0.1767273897886042,4.215556235261744,4.908327603233072
1993.5564853556486,-8.943514644351353,4.5702082406516,0.17541377181511425,4.226397247893976,4.914019233409224
1993.744769874477,-8.755230125522985,4.578474562055782,0.17410965956058758,4.237219629317031,4.919729494794534
1993.9330543933054,-8.566945606694617,4.586740883459965,0.1728152682235829,4.2480229577417425,4.925458809178187
1994.121338912134,-8.378661087866021,4.595007204864157,0.17153081786973445,4.258806801839477,4.931207607888836
1994.3096234309623,-8.190376569037653,4.603273526268338,0.17025653348966704,4.2695707206285904,4.9369763319080855
1994.4979079497907,-8.002092050209285,4.61153984767252,0.16899264505227046,4.28031426337007,4.94276543197497
1994.6861924686193,-7.813807531380689,4.619806169076712,0.16773938755281415,4.291036969473197,4.948575368680228
1994.8744769874477,-7.625523012552321,4.6280724904808945,0.16649700105530624,4.301738368412495,4.9544066125492945
1995.062761506276,-7.437238493723953,4.636338811885076,0.16526573072846823,4.312417979657278,4.960259644112874
1995.2510460251046,-7.2489539748953575,4.644605133289268,0.16404582687470123,4.323075312614853,4.9661349539636825
1995.439330543933,-7.060669456066989,4.65287145469345,0.16283754495134495,4.333709866588814,4.9720330427980866
1995.6276150627616,-6.872384937238394,4.661137776097642,0.16164114558349338,4.344321130753995,4.977954421441289
1995.81589958159,-6.684100418410026,4.669404097501824,0.1604568945676497,4.35490858414923,4.983899610854417
1996.0041841004183,-6.4958158995816575,4.677670418906006,0.15928506286538624,4.365471695689849,4.989869142122163
1996.192468619247,-6.307531380753062,4.685936740310198,0.15812592658622512,4.376009924201196,4.9958635564191995
1996.3807531380753,-6.119246861924694,4.69420306171438,0.15697976695887073,4.3865227184749935,5.001883404953767
1996.5690376569037,-5.930962343096326,4.7024693831185616,0.15584687028990002,4.397009517350358,5.007929248886765
1996.7573221757323,-5.74267782426773,4.710735704522754,0.15472752790902633,4.407469749821062,5.014001659224445
1996.9456066945606,-5.554393305439362,4.719002025926936,0.15362203609999117,4.4179028351709535,5.020101216682918
1997.1338912133892,-5.366108786610766,4.727268347331128,0.1525306960161184,4.428308183139536,5.02622851152272
1997.3221757322176,-5.177824267782398,4.73553466873531,0.15145381357959564,4.438685194119302,5.032384143351318
1997.510460251046,-4.98953974895403,4.7438009901394915,0.1503916993634647,4.449033259387101,5.038568720891882
1997.6987447698746,-4.8012552301254345,4.752067311543684,0.14934466845537092,4.459351761371156,5.044782861716211
1997.887029288703,-4.612970711297066,4.760333632947866,0.14831304030207665,4.469640073955795,5.051027191939936
1998.0753138075313,-4.424686192468698,4.768599954352048,0.14729713853375637,4.479897562825886,5.0573023458782105
1998.26359832636,-4.236401673640103,4.776866275756239,0.14629729076714276,4.49012358585264,5.063608965659839
1998.4518828451883,-4.0481171548117345,4.7851325971604215,0.14531382838658555,4.500317493522714,5.069947700798129
1998.6401673640166,-3.8598326359833663,4.793398918564604,0.14434708630212317,4.510478629412442,5.076319207716765
1998.8284518828452,-3.671548117154771,4.801665239968796,0.1433974026837491,4.520606330708648,5.082724149228944
1999.0167364016736,-3.4832635983264026,4.809931561372977,0.14246511867107953,4.530699928777661,5.089163193968293
1999.2050209205022,-3.294979079497807,4.818197882777169,0.14155057805770485,4.540758749784068,5.09563701577027
1999.3933054393306,-3.106694560669439,4.8264642041813515,0.14065412694963053,4.550782115360076,5.102146293002627
1999.581589958159,-2.918410041841071,4.834730525585534,0.13977611339725263,4.5607693433269185,5.108691707844149
1999.7698744769875,-2.7301255230124752,4.842996846989726,0.13891688700048901,4.570719748468767,5.115273945510684
1999.958158995816,-2.541841004184107,4.851263168393907,0.13807679848677834,4.580632643359822,5.121893693427992
2000.1464435146443,-2.353556485355739,4.859529489798089,0.13725619926180602,4.59050733924495,5.128551640351229
2000.3347280334729,-2.1652719665271434,4.867795811202281,0.13645544093300566,4.60034314697359,5.135248475430973
2000.5230125523012,-1.9769874476987752,4.876062132606463,0.13567487480603074,4.610139377986642,5.141984887226283
2000.7112970711296,-1.788702928870407,4.884328454010645,0.13491485135458472,4.619895345355659,5.148761562665631
2000.8995815899582,-1.6004184100418115,4.892594775414837,0.13417571966422792,4.62961036487295,5.155579185956724
2001.0878661087866,-1.4121338912134433,4.900861096819019,0.13345782685097177,4.639283756191115,5.162438437446924
2001.2761506276152,-1.2238493723848478,4.909127418223211,0.13276151745570205,4.648914844010036,5.169339992436387
2001.4644351464435,-1.0355648535564796,4.917393739627393,0.1320871328157443,4.658502959308534,5.176284519946251
2001.652719665272,-0.8472803347281115,4.925660061031575,0.1314350104150866,4.668047440618006,5.183272681445144
2001.8410041841005,-0.658995815899516,4.933926382435767,0.13080548321507793,4.677547635334214,5.19030512953732
2002.0292887029289,-0.4707112970711478,4.942192703839949,0.13019887896765006,4.687002901063355,5.1973825066165436
2002.2175732217572,-0.2824267782427796,4.950459025244131,0.12961551951337466,4.696412606997916,5.204505443490345
2002.4058577405858,-0.09414225941418408,4.958725346648323,0.12905572006694432,4.705776135317112,5.211674557979533
2002.5941422594142,0.09414225941418408,4.966991668052505,0.12851978849289952,4.715092882606422,5.218890453498588
2002.7824267782428,0.2824267782427796,4.975257989456697,0.12800802457466504,4.724362261290354,5.22615371762304
2002.9707112970711,0.4707112970711478,4.983524310860878,0.12752071928021377,4.73358370107166,5.233464920650097
2003.1589958158995,0.658995815899516,4.991790632265061,0.1270581540278489,4.7427566503704766,5.240824614159645
2003.347280334728,0.8472803347281115,5.000056953669253,0.1266205999558223,4.751880577755841,5.248233329582664
2003.5355648535565,1.0355648535564796,5.008323275073435,0.12620831719964729,4.760954973362126,5.255691576784744
2003.7238493723848,1.2238493723848478,5.016589596477616,0.12582155418110064,4.769979350282659,5.263199842672574
2003.9121338912134,1.4121338912134433,5.024855917881808,0.125460546913023,4.778953245932283,5.270758589831334
2004.1004184100418,1.6004184100418115,5.033122239285991,0.12512551832407573,4.7878762233708025,5.278368255201179
2004.2887029288704,1.788702928870407,5.041388560690183,0.1248166776076368,4.796747872579215,5.28602924880115
2004.4769874476988,1.9769874476987752,5.049654882094365,0.12453421959901392,4.805567811680298,5.293741952508432
2004.6652719665271,2.1652719665271434,5.057921203498546,0.12427832418506676,4.814335688095816,5.301506718901277
2004.8535564853557,2.353556485355739,5.066187524902738,0.12404915575024308,4.823051179632262,5.309323870173214
2005.041841004184,2.541841004184107,5.074453846306921,0.12384686266286325,4.831713995487709,5.317193697126132
2005.2301255230125,2.7301255230124752,5.082720167711102,0.12367157680528945,4.840323877172735,5.325116458249469
2005.418410041841,2.918410041841071,5.090986489115294,0.12352341315137595,4.848880599338597,5.333092378891991
2005.6066945606694,3.106694560669439,5.099252810519476,0.1234024693942991,4.85738397050665,5.341121650532303
2005.7949790794978,3.294979079497807,5.107519131923659,0.12330882562753885,4.865833833693682,5.349204430153635
2005.9832635983264,3.4832635983264026,5.115785453327851,0.12324254408142134,4.8742300669282645,5.357340839727437
2006.1715481171548,3.671548117154771,5.124051774732032,0.12320366891722767,4.882572583654266,5.365530965809798
2006.3598326359834,3.8598326359833663,5.132318096136224,0.12319222608045151,4.890861333018539,5.373774859253909
2006.5481171548117,4.0481171548117345,5.140584417540406,0.12320822321434054,4.8990963000402985,5.382072535040514
2006.73640167364,4.236401673640103,5.1488507389445886,0.1232516496343919,4.90727750566118,5.390423972227997
2006.9246861924687,4.424686192468698,5.15711706034878,0.1233224763640007,4.915405006675338,5.398829114022221
2007.112970711297,4.612970711297066,5.165383381752962,0.1234206562309833,4.923478895540235,5.407287867965689
2007.3012552301254,4.8012552301254345,5.173649703157144,0.12354612402422854,4.931499300069656,5.415800106244633
2007.489539748954,4.98953974895403,5.181916024561336,0.12369879670926498,4.939466383011177,5.424365666111496
2007.6778242677824,5.177824267782398,5.190182345965518,0.12387857370109036,4.947380341511381,5.432984350419654
2007.8661087866108,5.366108786610766,5.1984486673697,0.1240853371921894,4.955241406473009,5.441655928266391
2008.0543933054394,5.554393305439362,5.206714988773892,0.12431895253326716,4.963049841808688,5.4503801357390955
2008.2426778242677,5.74267782426773,5.214981310178074,0.12457926866386923,4.970805943596891,5.459156676759258
2008.4309623430963,5.930962343096326,5.223247631582266,0.12486611858973927,4.978510039146378,5.467985224018155
2008.6192468619247,6.119246861924694,5.231513952986448,0.12517931990347098,4.986162485975645,5.47686541999725
2008.807531380753,6.307531380753062,5.23978027439063,0.12551867534478947,4.993763670714842,5.4857968780664175
2008.9958158995817,6.4958158995816575,5.248046595794822,0.125883973396586,5.001314007937514,5.49477918365213
2009.18410041841,6.684100418410026,5.256312917199004,0.12627498891269176,5.008813938930128,5.50381189546788
2009.3723849372384,6.872384937238394,5.2645792386031856,0.12669148377327868,5.016263930407559,5.512894546798812
2009.560669456067,7.060669456066989,5.272845560007378,0.12713320756370475,5.023664473182516,5.522026646832239
2009.7489539748954,7.2489539748953575,5.28111188141156,0.1275998982726219,5.031016080797221,5.531207682025899
2009.937238493724,7.437238493723953,5.289378202815752,0.12809128300519704,5.038319288125566,5.540437117505938
2010.1255230125523,7.625523012552321,5.297644524219933,0.12860707870734725,5.045574649953533,5.5497143984863335
2010.3138075313807,7.813807531380689,5.3059108456241155,0.1291469928970264,5.052782739545944,5.559038951702287
2010.5020920502093,8.002092050209285,5.314177167028308,0.12971072439870965,5.059944147206837,5.568410186849778
2010.6903765690377,8.190376569037653,5.32244348843249,0.13029796407740876,5.067059478840768,5.577827498024211
2010.878661087866,8.378661087866021,5.330709809836671,0.1309083955687482,5.074129354521925,5.587290265151418
2011.0669456066946,8.566945606694617,5.338976131240863,0.13154169600182541,5.081154407077285,5.596797855404441
2011.255230125523,8.755230125522985,5.3472424526450455,0.13219753671183027,5.088135280689858,5.606349624600233
2011.4435146443514,8.943514644351353,5.355508774049228,0.1328755839396434,5.095072629527527,5.6159449185709285
2011.63179916318,9.131799163179949,5.36377509545342,0.13357549951586714,5.10196711640232,5.62558307450452
2011.8200836820083,9.320083682008317,5.372041416857601,0.13429694152702007,5.1088194114646415,5.635263422250561
2012.008368200837,9.508368200836912,5.380307738261793,0.1350395649618917,5.115630190936486,5.644985285587101
2012.1966527196653,9.69665271966528,5.3885740596659755,0.1358030223362805,5.122400135886866,5.654747983445085
2012.3849372384936,9.884937238493649,5.396840381070157,0.13658696429464304,5.129129931052656,5.6645508310876576
2012.5732217573222,10.073221757322244,5.405106702474349,0.1373910401873812,5.135820263707082,5.674393141241616
2012.7615062761506,10.261506276150612,5.413373023878531,0.13821489862276534,5.142471822577911,5.684274225179151
2012.949790794979,10.44979079497898,5.421639345282713,0.13905818799271927,5.149085296816984,5.694193393748443
2013.1380753138076,10.638075313807576,5.429905666686905,0.13992055697188444,5.155661375022012,5.704149958351799
2013.326359832636,10.826359832635944,5.438171988091087,0.14080165498960737,5.162200744311456,5.714143231870717
2013.5146443514645,11.01464435146454,5.446438309495279,0.141701132674687,5.168704089452892,5.7241725295376655
2013.702928870293,11.202928870292908,5.454704630899461,0.14261864227285376,5.175172092044668,5.7342371697542545
2013.8912133891213,11.391213389121276,5.462970952303643,0.14355383803716867,5.1816054297507925,5.744336474856494
2014.0794979079499,11.579497907949872,5.471237273707835,0.14450637659161575,5.188004775588269,5.754469771827402
2014.2677824267782,11.76778242677824,5.479503595112017,0.1454759172683239,5.194370797266102,5.764636392957931
2014.4560669456066,11.956066945606608,5.487769916516199,0.14646212241896883,5.2007041565750205,5.774835676457378
2014.6443514644352,12.144351464435204,5.496036237920391,0.14746465770097125,5.207005508826487,5.785066967014295
2014.8326359832636,12.332635983263572,5.5043025593245725,0.14848319233922178,5.213275502339698,5.795329616309447
2015.020920502092,12.52092050209194,5.512568880728755,0.14951739936413583,5.219514777975048,5.805622983482461
2015.2092050209205,12.709205020920535,5.520835202132947,0.1505669558268662,5.225723968712289,5.815946435553604
2015.397489539749,12.897489539748904,5.529101523537129,0.1516315429925797,5.2319036992716725,5.8262993478025855
2015.5857740585775,13.085774058577499,5.537367844941321,0.15271084651274275,5.238054585776346,5.8366811041062965
2015.7740585774059,13.274058577405867,5.545634166345502,0.1538045565773409,5.244177235453915,5.84709109723709
2015.9623430962342,13.462343096234235,5.553900487749685,0.15491236804804479,5.250272246375517,5.857528729123852
2016.1506276150628,13.650627615062831,5.562166809153877,0.15603398057327195,5.256340207230264,5.86799341107749
2016.3389121338912,13.8389121338912,5.570433130558058,0.15716909868613982,5.2623816971332245,5.878484563982892
2016.5271966527196,14.027196652719567,5.57869945196224,0.15831743188630035,5.268397285465092,5.889001618459389
2016.7154811715482,14.215481171548163,5.586965773366432,0.15947869470659726,5.274387531741501,5.899544014991363
2016.9037656903765,14.403765690376531,5.595232094770615,0.16065260676550744,5.28035298551022,5.9101112040310095
2017.0920502092051,14.592050209205127,5.603498416174807,0.1618388928063103,5.286294186274438,5.920702646075175
2017.2803347280335,14.780334728033495,5.611764737578988,0.16303728272385437,5.292211663440233,5.931317811717743
2017.4686192468619,14.968619246861863,5.62003105898317,0.16424751157984127,5.298105936286682,5.941956181679659
2017.6569037656905,15.156903765690458,5.628297380387362,0.16546931960743996,5.30397751395678,5.952617246817945
2017.8451882845188,15.345188284518827,5.636563701791545,0.16670245220606114,5.309826895467665,5.963300508115425
2018.0334728033472,15.533472803347195,5.644830023195726,0.1679466599270898,5.31565456973863,5.974005476652822
2018.2217573221758,15.72175732217579,5.653096344599918,0.16920169845129793,5.321461015635374,5.984731673564462
2018.4100418410042,15.910041841004158,5.6613626660041,0.17046732855866634,5.3272467020291145,5.995478629979086
2018.5983263598325,16.098326359832527,5.669628987408283,0.1717433160913085,5.333012087869318,6.006245886947247
2018.7866108786611,16.286610878661122,5.677895308812474,0.17302943191011438,5.338757622268649,6.017032995356298
2018.9748953974895,16.47489539748949,5.686161630216656,0.17432545184573772,5.34448374459901,6.027839515834302
2019.163179916318,16.663179916318086,5.694427951620848,0.17563115664451837,5.350190884597592,6.038665018644104
2019.3514644351465,16.851464435146454,5.70269427302503,0.17694633190984205,5.35587946248174,6.049509083568321
2019.5397489539748,17.039748953974822,5.710960594429212,0.17827076803949396,5.361549889071804,6.0603712997866195
2019.7280334728034,17.228033472803418,5.719226915833404,0.1796042601594438,5.367202565920894,6.0712512657459135
2019.9163179916318,17.416317991631786,5.727493237237586,0.180946608054523,5.372837885450721,6.082148589024451
2020.1046025104602,17.604602510460154,5.735759558641768,0.1822976160964252,5.378456231092775,6.093062886190761
2020.2928870292887,17.79288702928875,5.74402588004596,0.1836570931693876,5.384057977433961,6.10399378265796
2020.4811715481171,17.981171548117118,5.752292201450142,0.18502485259392717,5.389643490366044,6.114940912534239
2020.6694560669457,18.169456066945713,5.760558522854334,0.18640071204898043,5.395213127238332,6.125903918470335
2020.857740585774,18.35774058577408,5.768824844258516,0.1877844934927141,5.400767237012796,6.136882451504236
2021.0460251046024,18.54602510460245,5.777091165662698,0.1891760230823397,5.4063061604213125,6.147876170904084
2021.234309623431,18.734309623431045,5.785357487066889,0.1905751310931511,5.4118302301243135,6.158884744009465
2021.4225941422594,18.922594142259413,5.793623808471072,0.19198165183704238,5.417339770870469,6.169907846071674
2021.6108786610878,19.11087866108778,5.801890129875254,0.19339542358073897,5.422835099657005,6.180945160093502
2021.7991631799164,19.299163179916377,5.810156451279446,0.19481628846391325,5.4283165258901755,6.191996376668716
2021.9874476987447,19.487447698744745,5.818422772683627,0.19624409241738122,5.43378435154556,6.203061193821695
2022.1757322175731,19.675732217573113,5.8266890940878096,0.19767868508156136,5.439238871327949,6.21413931684767
2022.3640167364017,19.86401673640171,5.834955415492002,0.19911991972531454,5.444680372830385,6.225230458153618
2022.55230125523,20.052301255230077,5.843221736896184,0.20056765316531494,5.450109136692166,6.236334337100201
2022.7405857740587,20.240585774058673,5.851488058300376,0.20202174568609094,5.455525436755638,6.247450679845114
2022.928870292887,20.42887029288704,5.859754379704557,0.20348206096080038,5.460929540221389,6.258579219187726
2023.1171548117154,20.61715481171541,5.8680207011087395,0.2049484659728894,5.466321707801876,6.269719694415603
2023.305439330544,20.805439330544004,5.876287022512932,0.20642083093867616,5.471702193873126,6.280871851152737
2023.4937238493724,20.993723849372373,5.884553343917114,0.20789902923095185,5.477071246624448,6.292035441209779
2023.6820083682007,21.18200836820074,5.892819665321295,0.2093829373036811,5.48242910820608,6.30321022243651
2023.8702928870293,21.370292887029336,5.901085986725487,0.21087243461782662,5.487776014874547,6.314395958576427
2024.0585774058577,21.558577405857704,5.9093523081296695,0.21236740356836206,5.49311219713568,6.325592419123659
2024.2468619246863,21.7468619246863,5.9176186295338615,0.21386772941253385,5.498437879885295,6.336799379182428
2024.4351464435147,21.935146443514668,5.925884950938043,0.21537330019936018,5.503753282547297,6.348016619328789
2024.623430962343,22.123430962343036,5.934151272342225,0.21688400670045055,5.509058619209342,6.359243925475108
2024.8117154811716,22.311715481171632,5.942417593746417,0.21839974234212298,5.514354098755856,6.3704810887369785
2025,22.5,5.9506839151505995,0.21992040313885383,5.519639924998446,6.381727905302753
