year,temp_mean_c,prediction,estimate,SE,CI_low,CI_high
1981,0,Conditional: mean temperature,0.5645865499981072,0.03526908046570727,0.49545915228532095,0.6337139477108935
1982,0,Conditional: mean temperature,0.5645774805298226,0.0339155929295751,0.4981029183878554,0.6310520426717898
1983,0,Conditional: mean temperature,0.5645684110183221,0.03257842327462496,0.5007147014000572,0.628422120636587
1984,0,Conditional: mean temperature,0.5645593414636119,0.031259667789288924,0.5032903925966056,0.6258282903306182
1985,0,Conditional: mean temperature,0.5645502718656974,0.02996176031126574,0.5058252216556165,0.6232753220757783
1986,0,Conditional: mean temperature,0.5645412022245848,0.028687533014555018,0.508313637516057,0.6207687669331127
1987,0,Conditional: mean temperature,0.5645321325402799,0.02744028742992901,0.510749169177619,0.6183150959029408
1988,0,Conditional: mean temperature,0.5645230628127885,0.026223876289523575,0.5131242652853223,0.6159218603402548
1989,0,Conditional: mean temperature,0.5645139930421166,0.025042795890831228,0.5154301130960873,0.6135978729881458
1990,0,Conditional: mean temperature,0.5645049232282698,0.023902287017810993,0.5176564406733603,0.6113534057831794
1991,0,Conditional: mean temperature,0.5644958533712543,0.022808439641253352,0.5197913116743977,0.6092003950681109
1992,0,Conditional: mean temperature,0.5644867834710757,0.021768292165891028,0.5218209308259293,0.6071526361162222
1993,0,Conditional: mean temperature,0.56447771352774,0.020789909444925904,0.5237294910156852,0.6052259360397948
1994,0,Conditional: mean temperature,0.5644686435412529,0.019882415013093686,0.5254991101155893,0.6034381769669166
1995,0,Conditional: mean temperature,0.5644595735116206,0.01905594277427723,0.5271099256740372,0.6018092213492039
1996,0,Conditional: mean temperature,0.5644505034388486,0.01832146431393063,0.5285404333835446,0.6003605734941526
1997,0,Conditional: mean temperature,0.5644414333229429,0.01769044546005867,0.529768160221228,0.5991147064246579
1998,0,Conditional: mean temperature,0.5644323631639094,0.017174297887810493,0.5307707393038008,0.5980939870240181
1999,0,Conditional: mean temperature,0.5644232929617541,0.016783626892889984,0.5315273842516897,0.5973192016718185
2000,0,Conditional: mean temperature,0.5644142227164826,0.01652733695253543,0.5320206422895131,0.596807803143452
2001,0,Conditional: mean temperature,0.5644051524281009,0.016411728977728555,0.5322381636317529,0.5965721412244488
2002,0,Conditional: mean temperature,0.5643960820966147,0.01643977525521844,0.5321741225963866,0.5966180415968428
2003,0,Conditional: mean temperature,0.5643870117220302,0.01661075220431911,0.5318299374015647,0.5969440860424957
2004,0,Conditional: mean temperature,0.564377941304353,0.016920331494867644,0.5312140915744125,0.5975417910342936
2005,0,Conditional: mean temperature,0.564368870843589,0.017361104012119096,0.5303411069798356,0.5983966347073424
2006,0,Conditional: mean temperature,0.5643598003397442,0.017923397205799545,0.5292299418163771,0.5994896588631113
2007,0,Conditional: mean temperature,0.5643507297928243,0.018596194697460676,0.5279021881858014,0.6007992713998472
2008,0,Conditional: mean temperature,0.5643416592028353,0.01936798741916961,0.5263804038612628,0.6023029145444078
2009,0,Conditional: mean temperature,0.564332588569783,0.020227450169353126,0.5246867862378508,0.6039783909017151
2010,0,Conditional: mean temperature,0.5643235178936732,0.021163908024538935,0.5228422581655768,0.6058047776217695
2011,0,Conditional: mean temperature,0.5643144471745118,0.0221676083233564,0.5208659348607333,0.6077629594882904
2012,0,Conditional: mean temperature,0.5643053764123049,0.023229839487052074,0.5187748910176828,0.6098358618069271
2013,0,Conditional: mean temperature,0.564296305607058,0.02434294330613792,0.5165841367270277,0.6120084744870883
2014,0,Conditional: mean temperature,0.5642872347587773,0.02550026140772939,0.5143067223996277,0.6142677471179269
2015,0,Conditional: mean temperature,0.5642781638674683,0.026696046639506223,0.5119539124540361,0.6166024152809005
2016,0,Conditional: mean temperature,0.5642690929331372,0.027925360268639322,0.5095353868066042,0.6190027990596703
2017,0,Conditional: mean temperature,0.5642600219557897,0.02918396796307671,0.5070594447481593,0.6214605991634201
2018,0,Conditional: mean temperature,0.5642509509354318,0.030468241831397742,0.5045331969458922,0.6239687049249714
2019,0,Conditional: mean temperature,0.5642418798720692,0.03177507203903511,0.5019627386755604,0.626521021068578
