rel_LD,age_class,estimate,SE,CI_low,CI_high
-6,YOUNG,0.6383996608216703,0.019264585936547687,0.6006410723860368,0.6761582492573038
-6,OLD,0.6871319924958049,0.014994807743096339,0.657742169319336,0.7165218156722738
-5.89937106918239,YOUNG,0.637164339574534,0.019213055045348332,0.5995067516856513,0.6748219274634167
-5.89937106918239,OLD,0.6855750410608555,0.014996370472846136,0.6561821549340772,0.7149679271876339
-5.79874213836478,YOUNG,0.6359272048727991,0.01916175772284396,0.5983701597360249,0.6734842500095732
-5.79874213836478,OLD,0.6840139046451025,0.014998056589107973,0.6546177137304509,0.7134100955597541
-5.69811320754717,YOUNG,0.6346882704464367,0.01911070667408133,0.5972312853652373,0.6721452555276362
-5.69811320754717,OLD,0.6824486073471165,0.014999873388142881,0.6530488555063565,0.7118483591878766
-5.59748427672956,YOUNG,0.6334475501169305,0.019059914704969566,0.5960901172951902,0.6708049829386709
-5.59748427672956,OLD,0.6808791736123245,0.015001828178148623,0.6514755903831533,0.7102827568414958
-5.49685534591195,YOUNG,0.6322050577967787,0.019009394719514,0.5949466441465313,0.6694634714470261
-5.49685534591195,OLD,0.679305628232461,0.015003928275597331,0.6498979288122902,0.7087133276526317
-5.39622641509434,YOUNG,0.6309608074889871,0.018959159716892215,0.5938008544438783,0.6681207605340959
-5.39622641509434,OLD,0.6777279963449636,0.015006181001497962,0.6483158815820276,0.7071401111078996
-5.29559748427673,YOUNG,0.6297148132865534,0.01890922278836842,0.5926527366213513,0.6667768899517555
-5.29559748427673,OLD,0.6761463034323145,0.01500859367758549,0.646729459824247,0.705563147040382
-5.19496855345912,YOUNG,0.6284670893719416,0.01885959711404261,0.5915022790284181,0.6654318997154651
-5.19496855345912,OLD,0.6745605753213232,0.015011173622438886,0.6451386750213429,0.7039824756213034
-5.09433962264151,YOUNG,0.627217650016547,0.018810295959430977,0.5903494699360622,0.6640858300970317
-5.09433962264151,OLD,0.6729708381823554,0.015013928147530248,0.643543539013196,0.7023981373515147
-4.9937106918239,YOUNG,0.6259665095801519,0.018761332671874072,0.5891942975432787,0.6627387216170251
-4.9937106918239,OLD,0.6713771185285032,0.01501686455320732,0.6419440640042169,0.7008101730527896
-4.8930817610062896,YOUNG,0.6247136825103731,0.01871272067676972,0.5880367499839044,0.6613906150368417
-4.8930817610062896,OLD,0.6697794432147011,0.015019990124612238,0.6403402625704611,0.6992186238589411
-4.7924528301886795,YOUNG,0.623459183342098,0.018664473473627145,0.5868768153337889,0.6600415513504072
-4.7924528301886795,OLD,0.6681778394367819,0.015023312127538904,0.6387321476668056,0.6976235312067581
-4.6918238993710695,YOUNG,0.6222030266969135,0.018616604631939877,0.5857144816183114,0.6586915717755156
-4.6918238993710695,OLD,0.6665723347304777,0.015026837804232286,0.6371197326341824,0.696024936826773
-4.591194968553459,YOUNG,0.6209452272825249,0.018569127786874317,0.5845497368202512,0.6573407177447985
-4.591194968553459,OLD,0.664962956970363,0.015030574369132448,0.6355030312068634,0.6944228827338627
-4.490566037735849,YOUNG,0.6196857998921649,0.018522056634771588,0.5833825688880125,0.6559890308963172
-4.490566037735849,OLD,0.6633497343687396,0.015034529004566635,0.633882057519789,0.6928174112176901
-4.389937106918239,YOUNG,0.6184247594039954,0.018475404928460403,0.582212965744213,0.6546365530637779
-4.389937106918239,OLD,0.6617326954744638,0.015038708856392913,0.6322568261159337,0.6912085648329939
-4.289308176100629,YOUNG,0.6171621207804981,0.018429186472378834,0.5810409152946356,0.6532833262663607
-4.289308176100629,OLD,0.6601118691717169,0.015043121029598823,0.6306273519537032,0.6895963863897306
-4.188679245283019,YOUNG,0.6158978990678576,0.01838341511750326,0.5798664054375513,0.651929392698164
-4.188679245283019,OLD,0.6584872846787165,0.01504777258385884,0.6289936504143532,0.6879809189430799
-4.088050314465409,YOUNG,0.6146321093953347,0.018338104756083037,0.578689424073412,0.6505747947172575
-4.088050314465409,OLD,0.65685897154637,0.01505267052905452,0.6273557373094231,0.6863622057833169
-3.9874213836477987,YOUNG,0.6133647669746313,0.018293269316179653,0.5775099591149192,0.6492195748343433
-3.9874213836477987,OLD,0.6552269596568698,0.015057821820761402,0.6257136288881775,0.6847402904255622
-3.8867924528301887,YOUNG,0.612095887099245,0.01824892275600965,0.5763279984974661,0.6478637757010239
-3.8867924528301887,OLD,0.6535912792222311,0.015063233355706822,0.6240673418450458,0.6831152165994165
-3.7861635220125787,YOUNG,0.6108254851438175,0.018205079058090833,0.5751435301899595,0.6465074400976756
-3.7861635220125787,OLD,0.6519519607827701,0.015068911967203003,0.6224168933270522,0.681487028238488
-3.6855345911949686,YOUNG,0.6095535765634712,0.018161752223191614,0.5739565422060157,0.6451506109209267
-3.6855345911949686,OLD,0.6503090352055243,0.015074864420559917,0.6207623009412269,0.6798557694698217
-3.584905660377358,YOUNG,0.6082801768931391,0.018118956264083972,0.5727670226155345,0.6437933311707437
-3.584905660377358,OLD,0.6486625336826147,0.015081097408482487,0.6191035827619891,0.6782214846032404
-3.484276729559748,YOUNG,0.6070053017468852,0.01807670519910064,0.5715749595566479,0.6424356439371224
-3.484276729559748,OLD,0.6470124877295491,0.015087617546456948,0.6174407573384935,0.6765842181206048
-3.383647798742138,YOUNG,0.6057289668172161,0.01803501304549781,0.5703803412480404,0.6410775923863918
-3.383647798742138,OLD,0.6453589291834678,0.015094431368131192,0.6157738437019307,0.674944014665005
-3.283018867924528,YOUNG,0.6044511878743843,0.01799389381262501,0.5691831560016394,0.6397192197471293
-3.283018867924528,OLD,0.6437018902013291,0.01510154532069397,0.6141028613727689,0.6733009190298892
-3.182389937106918,YOUNG,0.6031719807656829,0.017953361494904375,0.5679833922356703,0.6383605692956955
-3.182389937106918,OLD,0.6420414032580384,0.015108965760258334,0.612427830367932,0.6716549761481447
-3.081761006289308,YOUNG,0.6018913614147314,0.017913430064621896,0.5667810384880725,0.6370016843413904
-3.081761006289308,OLD,0.640377501144518,0.01511669894725414,0.6107487712078998,0.6700062310811361
-2.981132075471698,YOUNG,0.6006093458207541,0.017874113464533936,0.5655760834302676,0.6356426082112406
-2.981132075471698,OLD,0.6387102169657188,0.015124751041835138,0.6090657049237219,0.6683547290077158
-2.880503144654088,YOUNG,0.5993259500578484,0.01783542560029274,0.5643685158812746,0.6342833842344222
-2.880503144654088,OLD,0.6370395841385736,0.015133128099305922,0.607378653063934,0.6667005152132133
-2.779874213836478,YOUNG,0.5980411902742467,0.017797380332695262,0.563158324822164,0.6329240557263295
-2.779874213836478,OLD,0.6353656363898927,0.015141836065574106,0.6056876377013675,0.665043635078418
-2.6792452830188678,YOUNG,0.5967550826915684,0.017759991469760233,0.5619454994108384,0.6315646659722984
-2.6792452830188678,OLD,0.6336884077542013,0.015150880772633341,0.60399268143984,0.6633841340685627
-2.5786163522012577,YOUNG,0.5954676436040649,0.01772327275863897,0.5607300289971325,0.6302052582109973
-2.5786163522012577,OLD,0.6320079325715195,0.01516026793408255,0.6022938074207177,0.6617220577223214
-2.4779874213836477,YOUNG,0.5941788893778557,0.017687237877365983,0.5595119031382183,0.62884587561749306
-2.4779874213836477,OLD,0.6303242454850838,0.015170003140687048,0.6005910393293372,0.6600574516408304
-2.3773584905660377,YOUNG,0.5928888364501566,0.017651900426456184,0.5582911116143024,0.6274865612860107
-2.3773584905660377,OLD,0.6286373814390123,0.015180091855987093,0.5988844014012775,0.658390361476747
-2.2767295597484276,YOUNG,0.5915975013285004,0.01761727392035602,0.5570676444446027,0.6261273582123982
-2.2767295597484276,OLD,0.6269473756759114,0.015190539411959521,0.5971739184284708,0.656720832923352
-2.1761006289308176,YOUNG,0.5903049005899491,0.01758337177875647,0.5558414919035864,0.6247683092763118
-2.1761006289308176,OLD,0.6252542637344266,0.015201351004737957,0.5954596157651402,0.655048911703713
-2.0754716981132075,YOUNG,0.5890110508802984,0.017550207317776637,0.5546126445374562,0.6234094572231406
-2.0754716981132075,OLD,0.6235580814467353,0.01521253169039737,0.5937415193335565,0.6533746435599141
-1.9748427672955975,YOUNG,0.5877159689132742,0.017517793741027077,0.553381093180861,0.6220508446456873
-1.9748427672955975,OLD,0.6218588649359841,0.01522408638080836,0.5920196556295997,0.6516980742423685
-1.8742138364779874,YOUNG,0.5864196714697221,0.017486144130562903,0.5521468289738187,0.6206925139656254
-1.8742138364779874,OLD,0.6201566506136689,0.01523601983956684,0.5902940517281179,0.6500192494992199
-1.7735849056603774,YOUNG,0.5851221753967886,0.017455271437737094,0.5509098433788239,0.6193345074147533
-1.7735849056603774,OLD,0.6184514751769595,0.015248336678004524,0.5885647352880706,0.6483382150658484
-1.6729559748427674,YOUNG,0.5838234976070953,0.017425188473965257,0.5496701281981233,0.6179768670160672
-1.6729559748427674,OLD,0.6167433756059683,0.015261041351285682,0.5868317345574483,0.6466550166544882
-1.5723270440251573,YOUNG,0.5825236550779045,0.01739590790141352,0.548427675591134,0.616619634564675
-1.5723270440251573,OLD,0.6150323891609629,0.01527413815459545,0.5850950783779558,0.64496969994397
-1.4716981132075473,YOUNG,0.5812226648502792,0.017367442223622163,0.5471824780919797,0.6152628516085786
-1.4716981132075473,OLD,0.6133185533795251,0.015287631219425037,0.5833547961894521,0.6432823105695982
-1.3710691823899372,YOUNG,0.5799205440282338,0.01733980377607769,0.5459345286271216,0.613906559429346
-1.3710691823899372,OLD,0.611601906073654,0.015301524509958865,0.5816109180341346,0.6415928941131733
-1.2704402515723272,YOUNG,0.5786173097778795,0.017313004716747165,0.5446838205330551,0.6125507990227039
-1.2704402515723272,OLD,0.6098824853268142,0.01531582181956878,0.5798634745604594,0.639901496093169
-1.1698113207547163,YOUNG,0.5773129793265611,0.017287057016588715,0.5434303475740472,0.611195611079075
-1.1698113207547163,OLD,0.6081603294909319,0.015330526767420161,0.5781124970267884,0.6382081619550755
-1.0691823899371062,YOUNG,0.5760075699619874,0.01726197245005295,0.5421741039598836,0.6098410359640912
-1.0691823899371062,OLD,0.6064354771833358,0.015345642795194774,0.576358017304754,0.6365129370619176
-0.9685534591194962,YOUNG,0.5747010990313544,0.017237762585590313,0.5409150843635974,0.6084871136991113
-0.9685534591194962,OLD,0.6047079672836454,0.015361173163934913,0.574600067882333,0.6348158666849578
-0.8679245283018862,YOUNG,0.573393583940462,0.01721443877618006,0.5396532839391491,0.6071338839417749
-0.8679245283018862,OLD,0.6029778389306061,0.015377120951013238,0.5728386818666201,0.633116995994592
-0.7672955974842761,YOUNG,0.5720850421528237,0.017192012149896706,0.5383886983390263,0.6057813859666212
-0.7672955974842761,OLD,0.6012451315188736,0.015393489047232803,0.5710738929862973,0.6314163700514499
-0.6666666666666661,YOUNG,0.570775491188769,0.017170493600530405,0.5371213237317294,0.6044296586458087
-0.6666666666666661,OLD,0.5995098846957443,0.01541028015406102,0.5693057355937847,0.6297140337977039
-0.566037735849056,YOUNG,0.5694649486245403,0.017149893778278035,0.5358511568191154,0.6030787404299652
-0.566037735849056,OLD,0.5977721383578359,0.015427496781001753,0.5675342446670725,0.6280100320485994
-0.465408805031446,YOUNG,0.5681534320913828,0.017130223080521784,0.5345781948535601,0.6017286693292055
-0.465408805031446,OLD,0.5960319326477174,0.01544514124310905,0.5657594558112237,0.6263044094842111
-0.36477987421383595,YOUNG,0.5668409592746274,0.017111491642712664,0.5333024356549105,0.6003794828943443
-0.36477987421383595,OLD,0.5942893079504867,0.015463215658645972,0.5639814052595407,0.6245972106414328
-0.2641509433962259,YOUNG,0.5655275479127683,0.017093709329376303,0.5320238776271907,0.5990312181983458
-0.2641509433962259,OLD,0.5925443048903024,0.01548172194689191,0.5622001298743943,0.6228884799062105
-0.16352201257861587,YOUNG,0.5642132157965338,0.017076885725258607,0.530742519775027,0.5976839118180407
-0.16352201257861587,OLD,0.5907969643268625,0.015500661826101162,0.5604156671477042,0.6211782615060207
-0.06289308176100583,YOUNG,0.562897980767951,0.0170610301266288,0.5294583617197585,0.5963375998161434
-0.06289308176100583,OLD,0.5890473273518363,0.015520036811615696,0.5586280552010695,0.6194665995026031
0.03773584905660421,YOUNG,0.5615818607194046,0.01704615153275774,0.5281714037151994,0.5949923177236098
0.03773584905660421,OLD,0.5872954352852492,0.015539848214134568,0.5568373327855455,0.6177535377849529
0.13836477987421425,YOUNG,0.5602648735926902,0.01703225863758882,0.5268816466630161,0.5936481005223643
0.13836477987421425,OLD,0.5855413296718182,0.015560097138142204,0.5550435392810594,0.6160391200625769
0.2389937106918243,YOUNG,0.5589470373780603,0.01701935982161911,0.5255890921276868,0.5923049826284338
0.2389937106918243,OLD,0.5837850522772425,0.015580784480497626,0.5532467146954672,0.6143233898590179
0.33962264150943433,YOUNG,0.5576283701132667,0.017007463144008084,0.5242937423510109,0.5909629978755225
0.33962264150943433,OLD,0.5820266450844468,0.015601910929186197,0.5514468996632419,0.6126063905056517
0.44025157232704437,YOUNG,0.556308889882596,0.016996576334930846,0.5229956002661316,0.5896221794990604
0.44025157232704437,OLD,0.5802661502897797,0.015623476962235584,0.549644135443798,0.6108881651357614
0.5408805031446544,YOUNG,0.5549886148158993,0.016986706788192783,0.5216946695110415,0.5882825601207572
0.5408805031446544,OLD,0.5785036102991671,0.015645482846796847,0.5478384639194452,0.6091687566788889
0.6415094339622645,YOUNG,0.553667563087618,0.016977861554121898,0.520390954441539,0.586944171733697
0.6415094339622645,OLD,0.5767390677242225,0.015667928638391837,0.5460299275929744,0.6074482078554705
0.7421383647798745,YOUNG,0.5523457529158021,0.016970047332754857,0.5190844601436027,0.5856070456880016
0.7421383647798745,OLD,0.5749725653783122,0.01569081418032734,0.5442185695848706,0.6057265611717538
0.8427672955974845,YOUNG,0.5510232025611261,0.0169632704673322,0.517775192445155,0.5842712126770973
0.8427672955974845,OLD,0.57320414627258,0.015714139103276435,0.5424044336301582,0.6040038589150017
0.9433962264150946,YOUNG,0.5496999303258973,0.01695753693811749,0.516463157927187,0.5829367027246075
0.9433962264150946,OLD,0.5714338536119282,0.015737902825027163,0.540587564074875,0.6022801431489815
1.0440251572327046,YOUNG,0.5483759545530603,0.01695285235655474,0.515148363934213,0.5816035451719076
1.0440251572327046,OLD,0.5696617307909588,0.015762104550398268,0.5387680058721782,0.6005554557097394
1.1446540880503147,YOUNG,0.5470512936251973,0.016949221959777657,0.5138308185840331,0.5802717686663615
1.1446540880503147,OLD,0.5678878213898737,0.015786743271321624,0.5369458045780833,0.5988298382016641
1.2452830188679247,YOUNG,0.5457259659635223,0.016946650605483393,0.5125105307767749,0.5789414011502697
1.2452830188679247,OLD,0.5661121691703356,0.01581181776709056,0.5351210063468381,0.597103331993833
1.3459119496855347,YOUNG,0.5443999900268712,0.016945142767182907,0.5111875102031928,0.5776124698505497
1.3459119496855347,OLD,0.5643348180712899,0.015837326604773175,0.5332936579259345,0.5953759782166453
1.4465408805031448,YOUNG,0.5430733843106882,0.016944702529839015,0.5098617673522037,0.5762850012691727
1.4465408805031448,OLD,0.5625558122047492,0.015863268139789336,0.5314638066507621,0.5936478177587362
1.5471698113207548,YOUNG,0.5417461673460069,0.016945333585902295,0.5085333135176384,0.5749590211743754
1.5471698113207548,OLD,0.56077519585154,0.015889640516649924,0.5296315004389062,0.5919188912641739
1.6477987421383649,YOUNG,0.5404183576984273,0.01694703923175417,0.5072021608041891,0.5736345545926654
1.6477987421383649,OLD,0.5589930134570138,0.015916441669856486,0.5277967877840951,0.5901892391299325
1.748427672955975,YOUNG,0.5390899739670889,0.016949822364565353,0.5058683221325408,0.572311625801637
1.748427672955975,OLD,0.5572093096267222,0.015943669324959452,0.5259597177498017,0.5884589015036428
1.849056603773585,YOUNG,0.5377610347836395,0.01695368547957693,0.5045318112436686,0.5709902583236103
1.849056603773585,OLD,0.5554241291220583,0.015971320999772578,0.5241203399625041,0.5867279182816125
1.949685534591195,YOUNG,0.5364315588112007,0.0169586306678102,0.5031926427022928,0.5696704749201087
1.949685534591195,OLD,0.553637516855863,0.01599939400574114,0.5222787046046105,0.5849963291071156
2.050314465408805,YOUNG,0.53510156474332915,0.01696465961421032,0.5018508318994769,0.5683522975871814
2.050314465408805,OLD,0.5518495178880003,0.016027885449461415,0.5204348624070559,0.5832641733689446
2.150943396226415,YOUNG,0.5337710713029733,0.01697177359622768,0.500506395054367,0.5670357475515796
2.150943396226415,OLD,0.5500601774208992,0.016056792234348295,0.5185888646415765,0.5815314902002219
2.251572327044025,YOUNG,0.5324400972414292,0.01697997348283991,0.49915934921506294,0.5657208452677954
2.251572327044025,OLD,0.5482695407950658,0.016086111062448224,0.5167407631126674,0.5797983184774643
2.352201257861635,YOUNG,0.5311086613372892,0.016989259734015893,0.49780971225861803,0.5644076104159603
2.352201257861635,OLD,0.5464776534845645,0.016115838436393966,0.5148906101492323,0.5780646968198966
2.452830188679245,YOUNG,0.529776782395391,0.01699963240062274,0.4964575028901705,0.5630960619006117
2.452830188679245,OLD,0.5446845610924707,0.01614597066149798,0.5130384585959347,0.5763306635890066
2.5534591194968552,YOUNG,0.5284444792457615,0.017011091124774603,0.4951027406412033,0.5617862178503198
2.5534591194968552,OLD,0.542890309346295,0.016176503847980552,0.5111843618042531,0.5745962568883369
2.6540880503144653,YOUNG,0.5271117707425571,0.01702363514062177,0.4937454458669384,0.5604780956181757
2.6540880503144653,OLD,0.5410949440933807,0.01620743391332917,0.5093283736232554,0.5728615145635059
2.7547169811320753,YOUNG,0.5257786757630034,0.017037263275577166,0.4923856397428722,0.5591717117831346
2.7547169811320753,OLD,0.5392985112962742,0.01623875658478501,0.5074705483900955,0.5711264742024528
2.8553459119496853,YOUNG,0.5244452132063295,0.01705197395197593,0.4910233442604567,0.5578670821522024
2.8553459119496853,OLD,0.5375010570280713,0.016270467401952593,0.5056109409202442,0.5693911731358984
2.9559748427672954,YOUNG,0.523111401992702,0.017067765189163243,0.48965858222194203,0.556564221763462
2.9559748427672954,OLD,0.5357026274677386,0.016302561719528433,0.5037496064974628,0.5676556484380143
3.0566037735849054,YOUNG,0.5217772610621542,0.01708463460600382,0.48829137723438665,0.5552631448899217
3.0566037735849054,OLD,0.5339032688954116,0.016335034710144348,0.5018866008635287,0.5659199369272946
3.1572327044025155,YOUNG,0.5204428093735147,0.017102579423806136,0.4869217537028547,0.5539638650441747
3.1572327044025155,OLD,0.5321030276876706,0.01636788136732102,0.5000219802077214,0.5641840751676198
3.2578616352201255,YOUNG,0.5191080659033332,0.017121596469652774,0.4855497368228138,0.5526663949838527
3.2578616352201255,OLD,0.530301950312796,0.016401096508527484,0.49815580115608216,0.5624480994695099
3.3584905660377355,YOUNG,0.5177730496448036,0.017141682180127918,0.4841753525717529,0.5513707467178544
3.3584905660377355,OLD,0.5285000833260027,0.01643467477834175,0.4962881207604529,0.5607120458915525
3.4591194968553456,YOUNG,0.5164377796066855,0.017162832605431614,0.4827986277000395,0.5500769315133315
3.4591194968553456,OLD,0.5266974733646552,0.016468610651708113,0.4944189964873073,0.5589759502420031
3.5597484276729556,YOUNG,0.515102274812224,0.017185043413869863,0.4814195897210391,0.5487849599034089
3.5597484276729556,OLD,0.5248941671434656,0.01650289843728644,0.49254848620638414,0.557239848080547
3.6603773584905674,YOUNG,0.5137665542980677,0.01720830989670863,0.4800382669005188,0.5474948416956167
3.6603773584905674,OLD,0.523090211449673,0.01653753228088866,0.49067664817913126,0.5555037747202148
3.7610062893081775,YOUNG,0.5124306371131845,0.01723262697337913,0.4786546882453614,0.5462065859810076
3.7610062893081775,OLD,0.5212856531382091,0.016572506168997737,0.4888035410469735,0.5537677652294446
3.8616352201257875,YOUNG,0.5110945423177766,0.017257989197021123,0.4772688834916152,0.544920201143938
3.8616352201257875,OLD,0.5194805391268457,0.016607813932364365,0.4869292238194115,0.5520318544342798
3.9622641509433976,YOUNG,0.509758288982194,0.017284390760350012,0.47588088309190796,0.54363569487248
3.9622641509433976,OLD,0.5176749163913313,0.01664344924967655,0.4850537558619653,0.5502960769206974
4.062893081761008,YOUNG,0.5084218961858463,0.017311825501833432,0.4744907182022528,0.5423530741694399
4.062893081761008,OLD,0.5158688319605136,0.016679405651297385,0.4831771968839707,0.5485604670370564
4.163522012578618,YOUNG,0.5070853830161142,0.017340286912162006,0.4730984206682766,0.5410723453639517
4.163522012578618,OLD,0.5140623329114491,0.016715676523066055,0.48129960692623963,0.5468250588966586
4.264150943396228,YOUNG,0.5057487685672588,0.017369768140998734,0.4717040230109013,0.5397935141236163
4.264150943396228,OLD,0.5122554663645045,0.016752255110157606,0.47942104634859556,0.5450898863804133
4.364779874213838,YOUNG,0.5044120719393318,0.017400262003991137,0.4703075584115092,0.5385165854671544
4.364779874213838,OLD,0.5104482794784463,0.016789134520996393,0.47754157581729334,0.5433549831395992
4.465408805031448,YOUNG,0.5030753122370832,0.017431760990029726,0.46890906069662497,0.5372415637775415
4.465408805031448,OLD,0.5086408194455232,0.016826307731218803,0.47566125629233436,0.541620382598712
4.566037735849058,YOUNG,0.50173850856887,0.0174642572687363,0.4675085643221469,0.5359684528155931
4.566037735849058,OLD,0.50683313348654,0.016863767587680427,0.4737801490146864,0.5398861179583937
4.666666666666668,YOUNG,0.5004016800455632,0.017497742698165234,0.4661061043571593,0.5346972557339671
4.666666666666668,OLD,0.5050252688459265,0.016901506812503134,0.4718983154934203,0.5381522221984326
4.767295597484278,YOUNG,0.4990648457794548,0.01753220883270088,0.4647017164673611,0.5334279750915485
4.767295597484278,OLD,0.5032172727867997,0.016939518007157595,0.4700158174927708,0.5364187280808286
4.867924528301888,YOUNG,0.497728024883166,0.01756764693113412,0.4632954368981431,0.5321606128681888
4.867924528301888,OLD,0.5014091925860229,0.016977793656576545,0.4681327170191329,0.534685668152913
4.968553459119498,YOUNG,0.49639123646855254,0.017604047964900903,0.46188730245734677,0.5308951704797583
4.968553459119498,OLD,0.49960107552926136,0.017016326133294693,0.4662490763080038,0.532953074750519
5.069182389937108,YOUNG,0.4950544996456132,0.017641402626465987,0.46047735049773986,0.5296316487934866
5.069182389937108,OLD,0.49779296890603586,0.017055107701610703,0.4643649578108789,0.5312209800011929
5.169811320754718,YOUNG,0.4937178335213967,0.017679701337834905,0.4590656188992403,0.5283700481435532
5.169811320754718,OLD,0.4959849200047756,0.017094130521767174,0.46248042418211194,0.5294894158274392
5.270440251572328,YOUNG,0.4923812571989089,0.017718934259177338,0.4576521460509213,0.5271103683468965
5.270440251572328,OLD,0.49417697610787187,0.01713338665414442,0.4605955382657488,0.5277584139499949
5.371069182389938,YOUNG,0.4910447897760215,0.017759091297545587,0.45623697083283216,0.5258526087192108
5.371069182389938,OLD,0.4923691844867315,0.017172868063463968,0.45871036308234214,0.5260280058911209
5.471698113207548,YOUNG,0.4897084503443811,0.01780016211567172,0.4548201325976645,0.5245967680910977
5.471698113207548,OLD,0.4905615923968343,0.017212566622997874,0.45682496181575843,0.5242982229779101
5.572327044025158,YOUNG,0.4883722579883175,0.017842136140827337,0.4534016711522959,0.5233428448243391
5.572327044025158,OLD,0.488754247072794,0.01725247411878012,0.454939397799985,0.5225690963456031
5.672955974842768,YOUNG,0.48703623178375594,0.017885002573730657,0.45198162673924386,0.5220908368282681
5.672955974842768,OLD,0.4869471957234221,0.01729258225381605,0.45305373450594266,0.5208406569409015
5.773584905660378,YOUNG,0.485700390797127,0.01792875039748521,0.450560040018056,0.520840741576198
5.773584905660378,OLD,0.4851404855268,0.017332882652286653,0.4511680355283182,0.5191129355252818
5.874213836477988,YOUNG,0.4843647540842802,0.017973368386535717,0.4491369520466702,0.5195925561218901
5.874213836477988,OLD,0.4833341636253556,0.017373366863743755,0.4492823645724178,0.5173859626782933
5.974842767295598,YOUNG,0.483029340689397,0.018018845115626434,0.4477124042627692,0.5183462771160248
5.974842767295598,OLD,0.48152827712094937,0.01741402636729307,0.44739678544105493,0.5156597688008437
6.075471698113208,YOUNG,0.48169416964390743,0.0180651689687484,0.4462864384651606,0.5171019008226543
6.075471698113208,OLD,0.47972287306996875,0.017454852575761667,0.4455113620214759,0.5139343841184616
6.1761006289308185,YOUNG,0.4803592599654055,0.018112328148061744,0.4448590967952045,0.5158594231356065
6.1761006289308185,OLD,0.47791799847843275,0.017495836839846658,0.4436261582723333,0.5122098386845322
6.2767295597484285,YOUNG,0.47902463065656875,0.018160310682780654,0.44343042171831865,0.5146188395948188
6.2767295597484285,OLD,0.4761137002971079,0.017536970452242284,0.44174123821071304,0.5104861623835028
6.3773584905660385,YOUNG,0.47769030070407825,0.018209104438008314,0.44200045600558197,0.5133801454025746
6.3773584905660385,OLD,0.4743100254166361,0.017578244651742174,0.4398566658992214,0.5087633849340507
6.477987421383649,YOUNG,0.47635628907754085,0.01825869712351027,0.4405692427154607,0.512143335439621
6.477987421383649,OLD,0.4725070206626762,0.017619650627314357,0.43797250543314004,0.5070415358922123
6.578616352201259,YOUNG,0.47502261472841345,0.018309076302414844,0.43913682517568037,0.5109084042811466
6.578616352201259,OLD,0.47070473279105923,0.0176611795221459,0.4360888209276533,0.5053206446544651
6.679245283018869,YOUNG,0.47368929658892983,0.018360229399830327,0.4377032469652624,0.5096753462125972
6.679245283018869,OLD,0.4689032084829604,0.01770282243765519,0.43420567650515624,0.5036007404607645
6.779874213836479,YOUNG,0.47235635357102934,0.018412143711368567,0.43626855189674696,0.5084441552453117
6.779874213836479,OLD,0.4671024943400857,0.017744570437468826,0.43232313628264685,0.5018818523975246
6.880503144654089,YOUNG,0.4710238045652884,0.018464806411565827,0.4348327839986194,0.5072148251319575
6.880503144654089,OLD,0.46530263687987844,0.017786414551361346,0.4304412643592102,0.5001640094005467
6.981132075471699,YOUNG,0.46969166843985394,0.01851820456219204,0.43339598749795755,0.5059873493817504
6.981132075471699,OLD,0.46350368253074153,0.01782834577915517,0.4285601248035974,0.49844724025788567
7.081761006289309,YOUNG,0.4683599640393807,0.018572325120440287,0.4319582068033177,0.5047617212754436
7.081761006289309,OLD,0.46170567762728204,0.01787035509457901,0.4266797816419072,0.4967315736126569
7.182389937106919,YOUNG,0.46702871018397,0.018627154946988866,0.43051948648787186,0.5035379338800682
7.182389937106919,OLD,0.4599086684055748,0.01791243344908261,0.4248002988453729,0.49501703796577673
7.283018867924529,YOUNG,0.4656979256681126,0.018682680813928976,0.4290798712728118,0.5023159800634134
7.283018867924529,OLD,0.4581127009984482,0.01795457177560601,0.4229217403182604,0.493303661678636
7.383647798742139,YOUNG,0.4643676292596345,0.01873888941255175,0.42763940601103306,0.501095852508236
7.383647798742139,OLD,0.4563178214307926,0.01799676099230167,0.42104416988588134,0.4915914729757038
7.484276729559749,YOUNG,0.4630378396986446,0.018795767360988456,0.4261981356711072,0.499877543726182
7.484276729559749,OLD,0.4545240756148922,0.018038992006207698,0.41916765128272515,0.4898804999470593
7.584905660377359,YOUNG,0.4617085756964878,0.018853301211699036,0.4247561053215577,0.4986610460714179
7.584905660377359,OLD,0.45273150934578243,0.018081255716870862,0.4172922481407155,0.48817077055084934
7.685534591194969,YOUNG,0.46037985593469993,0.01891147745880392,0.42331336011544424,0.49744635175395563
7.685534591194969,OLD,0.4509401682966313,0.018123543019917757,0.41541802397759253,0.4864623126156701
7.786163522012579,YOUNG,0.4590516990639671,0.018970282545255197,0.4218699452752669,0.4962334528526673
7.786163522012579,OLD,0.44915009801414957,0.018165844810573085,0.4135450421854263,0.4847551538428728
7.886792452830189,YOUNG,0.45772412370308857,0.019029702869843287,0.42042590607819574,0.4950223413279814
7.886792452830189,OLD,0.4473613439140266,0.01820815198712357,0.4116733660192644,0.4830493218087888
7.987421383647799,YOUNG,0.45639714843794266,0.019089724794036072,0.41898128784163197,0.49381300903425335
7.987421383647799,OLD,0.4455739512763962,0.018250455454326645,0.409803058585916,0.48134484396687643
8.08805031446541,YOUNG,0.4550707918204585,0.019150334648647946,0.41753613590910854,0.4926054477318085
8.08805031446541,OLD,0.44378796524133074,0.018292746126762724,0.4079341828328758,0.4796417476497857
8.18867924528302,YOUNG,0.4537450723675897,0.01921151874033638,0.4160904956365304,0.491399649098649
8.18867924528302,OLD,0.44200343080436655,0.01833501493213028,0.4060668015373912,0.4779400600713419
8.28930817610063,YOUNG,0.45242000856029363,0.01927326335792443,0.41464441237876176,0.4901956047418255
8.28930817610063,OLD,0.4402203928120607,0.018377252814482836,0.40420097729567434,0.4762398083284471
8.38993710691824,YOUNG,0.45109561884251415,0.019335554778547807,0.4131979314765604,0.48899330620846787
8.38993710691824,OLD,0.43843889595757923,0.01841945073740706,0.4023367725122614,0.47454101940289706
8.49056603773585,YOUNG,0.4497719216201699,0.019398379273625838,0.41175109824386324,0.4877927449964765
8.49056603773585,OLD,0.43665898477631954,0.018461599687141533,0.40047424938952214,0.47284372016311693
8.59119496855346,YOUNG,0.44844893526014545,0.019461723114655438,0.4103039579554208,0.4865939125648701
8.59119496855346,OLD,0.43488070364156584,0.018503690675635308,0.3986134699173206,0.47114793736581106
8.69182389937107,YOUNG,0.4471266780892885,0.019525572578828358,0.4088565558347849,0.4853968003437921
8.69182389937107,OLD,0.43310409676018097,0.0185457147435461,0.3967544958628306,0.4694536976575313
8.79245283018868,YOUNG,0.4458051683934115,0.0195899139544718,0.4074089370426468,0.4842013997441762
8.79245283018868,OLD,0.4313292081683319,0.018587662963177307,0.3948973887605044,0.46776102757615945
8.89308176100629,YOUNG,0.4444844244162979,0.019654733546312905,0.4059611466655246,0.4830077021670712
8.89308176100629,OLD,0.4295560817272542,0.018629526441353912,0.3930422099022005,0.46606995355230785
8.9937106918239,YOUNG,0.44316446435871315,0.01972001768056805,0.40451322970479975,0.48181569901262655
8.9937106918239,OLD,0.42778476111905217,0.018671296322236682,0.3911890203274683,0.46438050191063607
9.09433962264151,YOUNG,0.4418453063774219,0.01978575270985819,0.40306523106609987,0.48062538168874397
9.09433962264151,OLD,0.4260152898425379,0.018712963790074515,0.38933788081399184,0.46269269887108394
9.19496855345912,YOUNG,0.4405269685842088,0.019851925017951546,0.40161719554902375,0.47943674161939387
9.19496855345912,OLD,0.42424771120910976,0.01875452007189498,0.3874888518681956,0.4610065705500239
9.29559748427673,YOUNG,0.4392094690449063,0.019918521024335452,0.40016916783720885,0.4782497702526038
9.29559748427673,OLD,0.4224820683386706,0.01879595644013263,0.3856419937160106,0.45932214296133056
9.39622641509434,YOUNG,0.43789282577842675,0.019985527188619238,0.39872119248873306,0.47706445906812045
9.39622641509434,OLD,0.4207184041555858,0.018837264215195312,0.383797366293803,0.4576394420173686
9.49685534591195,YOUNG,0.4365770567558001,0.020052930014770206,0.3972733139268505,0.4758807995847497
9.49685534591195,OLD,0.4189567613846844,0.018878434767968407,0.38195502923946634,0.4559584935299025
9.59748427672956,YOUNG,0.4352621798992179,0.020120716055185204,0.39582557643105487,0.4746987833673809
9.59748427672956,OLD,0.4171971825473007,0.018919459522257022,0.38011504188367695,0.45427932321092446
9.69811320754717,YOUNG,0.43394821308108267,0.020188871914600174,0.39437802412846634,0.473518402033699
9.69811320754717,OLD,0.41543970995735985,0.01896032995716635,0.3782774632413138,0.4526019566734059
9.79874213836478,YOUNG,0.4326351741230626,0.02025738425384033,0.39293070098553556,0.4723396472605897
9.79874213836478,OLD,0.4136843857175068,0.019001037609420294,0.37644235200304305,0.4509264194319706
9.89937106918239,YOUNG,0.4313230807951535,0.020326239793413903,0.39148365080006226,0.4711625107902448
9.89937106918239,OLD,0.4119312517152796,0.019041574075618576,0.37460976652706723,0.449252736903492
10,YOUNG,0.4300119508147454,0.020395425316952237,0.390036917193519,0.4699869844359718
10,OLD,0.41018034961932737,0.01908193101443261,0.3727797648310395,0.44758093440761526
