simulation,zero_proportion
1,0.2137710992177851
2,0.1982297241663236
3,0.19483326471799095
4,0.2001852614244545
5,0.19462741869081926
6,0.19997941539728284
7,0.20183202964182792
8,0.20656648826677645
9,0.20008233841086867
10,0.2048167970358172
11,0.20430218196788802
12,0.21150679291889665
13,0.20306710580485796
14,0.20687525730753398
15,0.19596541786743515
16,0.20646356525319062
17,0.20450802799505968
18,0.20317002881844382
19,0.20409633594071636
20,0.19658295594895017
21,0.20852202552490737
22,0.20903664059283655
23,0.19915603128859613
24,0.20440510498147385
25,0.20224372169617127
26,0.20327295183202965
27,0.2053314121037464
28,0.20121449156031287
29,0.20131741457389873
30,0.2072869493618773
31,0.20028818443804033
32,0.20625771922601893
33,0.20636064223960476
34,0.20738987237546316
35,0.20059695347879786
36,0.2010086455331412
37,0.19915603128859613
38,0.20872787155207906
39,0.2050226430629889
40,0.19812680115273776
41,0.19586249485384932
42,0.20255249073692877
43,0.20296418279127212
44,0.20872787155207906
45,0.20337587484561548
46,0.19967064635652532
47,0.20049403046521203
48,0.20780156442980652
49,0.19658295594895017
50,0.20306710580485796
51,0.19915603128859613
52,0.20491972004940304
53,0.20255249073692877
54,0.211300946891725
55,0.19997941539728284
56,0.19709757101687939
57,0.2069781803211198
58,0.20522848909016056
59,0.199876492383697
60,0.20059695347879786
61,0.2050226430629889
62,0.19843557019349525
63,0.20358172087278714
64,0.20430218196788802
65,0.2053314121037464
66,0.2053314121037464
67,0.19720049403046522
68,0.20636064223960476
69,0.20255249073692877
70,0.20409633594071636
71,0.2066694112803623
72,0.20574310415808975
73,0.19967064635652532
74,0.2039934129271305
75,0.20389048991354466
76,0.2003911074516262
77,0.2039934129271305
78,0.21202140798682587
79,0.20913956360642239
80,0.2006998764923837
81,0.20430218196788802
82,0.21140386990531082
83,0.19699464800329353
84,0.20121449156031287
85,0.21469740634005763
86,0.2069781803211198
87,0.2050226430629889
88,0.2017291066282421
89,0.20162618361465623
90,0.2026554137505146
91,0.19946480032935365
92,0.1990531082750103
93,0.20111156854672704
94,0.2034787978592013
95,0.1975092630712227
96,0.20440510498147385
97,0.20389048991354466
98,0.19370111156854672
99,0.20872787155207906
100,0.1977151090983944
101,0.20522848909016056
102,0.20389048991354466
103,0.2072869493618773
104,0.19720049403046522
105,0.20564018114450391
106,0.2069781803211198
107,0.20059695347879786
108,0.2006998764923837
109,0.2053314121037464
110,0.20203787566899958
111,0.20574310415808975
112,0.20306710580485796
113,0.20090572251955538
114,0.20738987237546316
115,0.20317002881844382
116,0.19874433923425278
117,0.208110333470564
118,0.21006587072869493
119,0.21047756278303828
120,0.19967064635652532
121,0.20111156854672704
122,0.20224372169617127
123,0.2026554137505146
124,0.20358172087278714
125,0.20327295183202965
126,0.20224372169617127
127,0.21305063812268424
128,0.20162618361465623
129,0.2053314121037464
130,0.2001852614244545
131,0.20605187319884727
132,0.20471387402223137
133,0.19339234252778922
134,0.20440510498147385
135,0.20121449156031287
136,0.20111156854672704
137,0.19709757101687939
138,0.20358172087278714
139,0.21469740634005763
140,0.21469740634005763
141,0.20409633594071636
142,0.19997941539728284
143,0.20327295183202965
144,0.2028612597776863
145,0.19864141622066694
146,0.2107863318237958
147,0.20409633594071636
148,0.19606834088102099
149,0.20224372169617127
150,0.1977151090983944
151,0.21305063812268424
152,0.2023466447097571
153,0.20594895018526144
154,0.2001852614244545
155,0.2039934129271305
156,0.19339234252778922
157,0.19730341704405105
158,0.19977356937011115
159,0.2124331000411692
160,0.20656648826677645
161,0.20224372169617127
162,0.20903664059283655
163,0.20409633594071636
164,0.20461095100864554
165,0.20142033758748457
166,0.20440510498147385
167,0.2015232606010704
168,0.21356525319061342
169,0.20646356525319062
170,0.20183202964182792
171,0.2001852614244545
172,0.2069781803211198
173,0.20090572251955538
174,0.19668587896253603
175,0.19843557019349525
176,0.20574310415808975
177,0.20687525730753398
178,0.20800741045697818
179,0.21099217785096747
180,0.20080279950596955
181,0.20636064223960476
182,0.20090572251955538
183,0.20090572251955538
184,0.20584602717167558
185,0.203684643886373
186,0.20090572251955538
187,0.199876492383697
188,0.19781803211198024
189,0.20224372169617127
190,0.20193495265541375
191,0.19895018526142447
192,0.20203787566899958
193,0.20317002881844382
194,0.2048167970358172
195,0.21140386990531082
196,0.20306710580485796
197,0.1990531082750103
198,0.20440510498147385
199,0.20780156442980652
200,0.20255249073692877
201,0.20522848909016056
202,0.20646356525319062
203,0.20409633594071636
204,0.2028612597776863
205,0.20790448744339235
206,0.2026554137505146
207,0.2121243310004117
208,0.20214079868258542
209,0.20738987237546316
210,0.20378756689995883
211,0.20378756689995883
212,0.20358172087278714
213,0.2107863318237958
214,0.2041992589543022
215,0.20193495265541375
216,0.19596541786743515
217,0.1990531082750103
218,0.19699464800329353
219,0.20574310415808975
220,0.208110333470564
221,0.20131741457389873
222,0.20461095100864554
223,0.2053314121037464
224,0.20131741457389873
225,0.19895018526142447
226,0.1993618773157678
227,0.20450802799505968
228,0.20780156442980652
229,0.20450802799505968
230,0.20708110333470564
231,0.2094483326471799
232,0.1977151090983944
233,0.20553725813091808
234,0.19843557019349525
235,0.20574310415808975
236,0.21047756278303828
237,0.20913956360642239
238,0.20636064223960476
239,0.20821325648414984
240,0.19648003293536434
241,0.2088307945656649
242,0.19967064635652532
243,0.20049403046521203
244,0.2039934129271305
245,0.19493618773157678
246,0.20872787155207906
247,0.20275833676410046
248,0.20872787155207906
249,0.20049403046521203
250,0.21027171675586662
251,0.20574310415808975
252,0.20358172087278714
253,0.20337587484561548
254,0.20708110333470564
255,0.20934540963359408
256,0.20461095100864554
257,0.2010086455331412
258,0.19895018526142447
259,0.20121449156031287
260,0.20049403046521203
261,0.2083161794977357
262,0.20780156442980652
263,0.19956772334293948
264,0.20059695347879786
265,0.19977356937011115
266,0.20142033758748457
267,0.2003911074516262
268,0.20327295183202965
269,0.20522848909016056
270,0.2048167970358172
271,0.20646356525319062
272,0.21027171675586662
273,0.20121449156031287
274,0.20317002881844382
275,0.2010086455331412
276,0.2061547962124331
277,0.20461095100864554
278,0.20358172087278714
279,0.20553725813091808
280,0.20769864141622066
281,0.20738987237546316
282,0.20543433511733222
283,0.20008233841086867
284,0.1993618773157678
285,0.1990531082750103
286,0.20317002881844382
287,0.2048167970358172
288,0.20214079868258542
289,0.20111156854672704
290,0.20059695347879786
291,0.20625771922601893
292,0.20255249073692877
293,0.21356525319061342
294,0.20821325648414984
295,0.20317002881844382
296,0.2028612597776863
297,0.2017291066282421
298,0.20306710580485796
299,0.19781803211198024
300,0.20080279950596955
301,0.20852202552490737
302,0.20553725813091808
303,0.20574310415808975
304,0.21099217785096747
305,0.20430218196788802
306,0.20111156854672704
307,0.20738987237546316
308,0.19925895430218196
309,0.20409633594071636
310,0.20656648826677645
311,0.20594895018526144
312,0.19925895430218196
313,0.19864141622066694
314,0.20564018114450391
315,0.20203787566899958
316,0.20409633594071636
317,0.21037463976945245
318,0.207492795389049
319,0.20255249073692877
320,0.20008233841086867
321,0.20584602717167558
322,0.2017291066282421
323,0.2001852614244545
324,0.19617126389460685
325,0.1982297241663236
326,0.20852202552490737
327,0.20358172087278714
328,0.20327295183202965
329,0.20461095100864554
330,0.20450802799505968
331,0.2006998764923837
332,0.19895018526142447
333,0.20255249073692877
334,0.20656648826677645
335,0.20522848909016056
336,0.20522848909016056
337,0.20461095100864554
338,0.2010086455331412
339,0.2003911074516262
340,0.20337587484561548
341,0.20389048991354466
342,0.20131741457389873
343,0.19545080279950597
344,0.20162618361465623
345,0.2015232606010704
346,0.20337587484561548
347,0.203684643886373
348,0.20049403046521203
349,0.20636064223960476
350,0.19720049403046522
351,0.19617126389460685
352,0.2086249485384932
353,0.2140798682585426
354,0.20121449156031287
355,0.20193495265541375
356,0.20306710580485796
357,0.2001852614244545
358,0.20841910251132154
359,0.199876492383697
360,0.2003911074516262
361,0.2072869493618773
362,0.20718402634829147
363,0.20450802799505968
364,0.20028818443804033
365,0.20574310415808975
366,0.1963771099217785
367,0.2086249485384932
368,0.20183202964182792
369,0.20708110333470564
370,0.20646356525319062
371,0.2066694112803623
372,0.20080279950596955
373,0.20461095100864554
374,0.20625771922601893
375,0.20358172087278714
376,0.20327295183202965
377,0.20461095100864554
378,0.20738987237546316
379,0.20059695347879786
380,0.20203787566899958
381,0.2039934129271305
382,0.20111156854672704
383,0.20162618361465623
384,0.21047756278303828
385,0.20461095100864554
386,0.19977356937011115
387,0.19267188143268835
388,0.19925895430218196
389,0.20317002881844382
390,0.2041992589543022
391,0.20317002881844382
392,0.2061547962124331
393,0.2015232606010704
394,0.1988472622478386
395,0.20687525730753398
396,0.2001852614244545
397,0.21181556195965417
398,0.20317002881844382
399,0.21006587072869493
400,0.2039934129271305
401,0.207492795389049
402,0.20656648826677645
403,0.20708110333470564
404,0.20450802799505968
405,0.20131741457389873
406,0.2010086455331412
407,0.20317002881844382
408,0.20543433511733222
409,0.2061547962124331
410,0.21088925483738163
411,0.19792095512556607
412,0.203684643886373
413,0.20965417867435157
414,0.20183202964182792
415,0.2066694112803623
416,0.20337587484561548
417,0.20677233429394812
418,0.208110333470564
419,0.1993618773157678
420,0.19534787978592014
421,0.1985384932070811
422,0.20903664059283655
423,0.20358172087278714
424,0.2053314121037464
425,0.19843557019349525
426,0.20162618361465623
427,0.19977356937011115
428,0.20224372169617127
429,0.21140386990531082
430,0.2006998764923837
431,0.20275833676410046
432,0.20090572251955538
433,0.19658295594895017
434,0.1968917249897077
435,0.20080279950596955
436,0.21397694524495678
437,0.19792095512556607
438,0.19761218608480857
439,0.20605187319884727
440,0.20677233429394812
441,0.20244956772334294
442,0.20378756689995883
443,0.20255249073692877
444,0.19997941539728284
445,0.20738987237546316
446,0.2034787978592013
447,0.20450802799505968
448,0.2023466447097571
449,0.2053314121037464
450,0.20893371757925072
451,0.20430218196788802
452,0.20358172087278714
453,0.21099217785096747
454,0.19648003293536434
455,0.20358172087278714
456,0.2001852614244545
457,0.20687525730753398
458,0.1982297241663236
459,0.19833264717990942
460,0.20986002470152326
461,0.20317002881844382
462,0.2129477151090984
463,0.21037463976945245
464,0.19977356937011115
465,0.2094483326471799
466,0.20986002470152326
467,0.19864141622066694
468,0.20028818443804033
469,0.20244956772334294
470,0.20841910251132154
471,0.20790448744339235
472,0.2006998764923837
473,0.20430218196788802
474,0.20224372169617127
475,0.21006587072869493
476,0.21449156031288596
477,0.19802387813915193
478,0.19946480032935365
479,0.20080279950596955
480,0.20183202964182792
481,0.20409633594071636
482,0.20646356525319062
483,0.19411280362289007
484,0.1993618773157678
485,0.21150679291889665
486,0.2072869493618773
487,0.2001852614244545
488,0.2006998764923837
489,0.2050226430629889
490,0.20090572251955538
491,0.20594895018526144
492,0.20358172087278714
493,0.20708110333470564
494,0.20162618361465623
495,0.20594895018526144
496,0.19781803211198024
497,0.20214079868258542
498,0.20121449156031287
499,0.2066694112803623
500,0.21335940716344173
501,0.20605187319884727
502,0.20543433511733222
503,0.20255249073692877
504,0.20594895018526144
505,0.203684643886373
506,0.20605187319884727
507,0.19514203375874845
508,0.20409633594071636
509,0.208110333470564
510,0.2034787978592013
511,0.20275833676410046
512,0.20255249073692877
513,0.20080279950596955
514,0.20090572251955538
515,0.20142033758748457
516,0.19586249485384932
517,0.19925895430218196
518,0.20625771922601893
519,0.20358172087278714
520,0.21088925483738163
521,0.20244956772334294
522,0.20924248662000824
523,0.1985384932070811
524,0.20440510498147385
525,0.20131741457389873
526,0.20028818443804033
527,0.2017291066282421
528,0.1993618773157678
529,0.20317002881844382
530,0.2017291066282421
531,0.20049403046521203
532,0.19431864965006176
533,0.20790448744339235
534,0.2015232606010704
535,0.20594895018526144
536,0.20337587484561548
537,0.20193495265541375
538,0.203684643886373
539,0.20512556607657473
540,0.20296418279127212
541,0.2072869493618773
542,0.21140386990531082
543,0.20183202964182792
544,0.19565664882667763
545,0.19967064635652532
546,0.20636064223960476
547,0.19668587896253603
548,0.20193495265541375
549,0.2010086455331412
550,0.20142033758748457
551,0.20440510498147385
552,0.20193495265541375
553,0.19596541786743515
554,0.19648003293536434
555,0.20193495265541375
556,0.20574310415808975
557,0.21088925483738163
558,0.20049403046521203
559,0.20708110333470564
560,0.20049403046521203
561,0.21171263894606834
562,0.1975092630712227
563,0.20121449156031287
564,0.20656648826677645
565,0.20028818443804033
566,0.20646356525319062
567,0.19678880197612186
568,0.19874433923425278
569,0.19946480032935365
570,0.2061547962124331
571,0.20636064223960476
572,0.20430218196788802
573,0.19977356937011115
574,0.20131741457389873
575,0.2088307945656649
576,0.19740634005763688
577,0.2010086455331412
578,0.20327295183202965
579,0.20708110333470564
580,0.2028612597776863
581,0.20553725813091808
582,0.20193495265541375
583,0.20275833676410046
584,0.19915603128859613
585,0.20142033758748457
586,0.19915603128859613
587,0.20522848909016056
588,0.2053314121037464
589,0.21181556195965417
590,0.20841910251132154
591,0.20430218196788802
592,0.19874433923425278
593,0.20986002470152326
594,0.19370111156854672
595,0.20780156442980652
596,0.19967064635652532
597,0.20512556607657473
598,0.20790448744339235
599,0.2039934129271305
600,0.2003911074516262
601,0.19668587896253603
602,0.20461095100864554
603,0.20337587484561548
604,0.20656648826677645
605,0.19864141622066694
606,0.20780156442980652
607,0.20636064223960476
608,0.20872787155207906
609,0.19864141622066694
610,0.2003911074516262
611,0.19761218608480857
612,0.2116097159324825
613,0.19997941539728284
614,0.20677233429394812
615,0.19400988060930424
616,0.20605187319884727
617,0.20255249073692877
618,0.19781803211198024
619,0.207492795389049
620,0.19956772334293948
621,0.20687525730753398
622,0.20512556607657473
623,0.20738987237546316
624,0.19699464800329353
625,0.20687525730753398
626,0.20594895018526144
627,0.2017291066282421
628,0.19864141622066694
629,0.19236311239193082
630,0.20461095100864554
631,0.2050226430629889
632,0.20378756689995883
633,0.1990531082750103
634,0.20142033758748457
635,0.20255249073692877
636,0.20821325648414984
637,0.20327295183202965
638,0.2006998764923837
639,0.20358172087278714
640,0.20162618361465623
641,0.20924248662000824
642,0.20790448744339235
643,0.2107863318237958
644,0.20924248662000824
645,0.2010086455331412
646,0.20008233841086867
647,0.19802387813915193
648,0.20255249073692877
649,0.2083161794977357
650,0.19997941539728284
651,0.19565664882667763
652,0.19874433923425278
653,0.20893371757925072
654,0.2034787978592013
655,0.20193495265541375
656,0.21150679291889665
657,0.19658295594895017
658,0.20605187319884727
659,0.19792095512556607
660,0.19699464800329353
661,0.20121449156031287
662,0.2061547962124331
663,0.20255249073692877
664,0.20512556607657473
665,0.20059695347879786
666,0.20389048991354466
667,0.1939069575957184
668,0.2010086455331412
669,0.1982297241663236
670,0.19895018526142447
671,0.20337587484561548
672,0.20162618361465623
673,0.20224372169617127
674,0.19606834088102099
675,0.19503911074516261
676,0.20522848909016056
677,0.19956772334293948
678,0.2023466447097571
679,0.2006998764923837
680,0.20636064223960476
681,0.20491972004940304
682,0.2017291066282421
683,0.20255249073692877
684,0.20162618361465623
685,0.19483326471799095
686,0.19946480032935365
687,0.20131741457389873
688,0.2010086455331412
689,0.20636064223960476
690,0.2028612597776863
691,0.20491972004940304
692,0.20275833676410046
693,0.20625771922601893
694,0.2072869493618773
695,0.20450802799505968
696,0.1982297241663236
697,0.20512556607657473
698,0.20471387402223137
699,0.19997941539728284
700,0.2088307945656649
701,0.2028612597776863
702,0.2053314121037464
703,0.2105804857966241
704,0.20111156854672704
705,0.19370111156854672
706,0.2069781803211198
707,0.20142033758748457
708,0.19720049403046522
709,0.2003911074516262
710,0.19925895430218196
711,0.1985384932070811
712,0.19812680115273776
713,0.20337587484561548
714,0.19740634005763688
715,0.20244956772334294
716,0.20317002881844382
717,0.19997941539728284
718,0.20378756689995883
719,0.20800741045697818
720,0.2028612597776863
721,0.20358172087278714
722,0.20440510498147385
723,0.20296418279127212
724,0.20584602717167558
725,0.1990531082750103
726,0.20430218196788802
727,0.2083161794977357
728,0.1963771099217785
729,0.19967064635652532
730,0.19431864965006176
731,0.20677233429394812
732,0.20296418279127212
733,0.19627418690819268
734,0.20028818443804033
735,0.1975092630712227
736,0.20841910251132154
737,0.2083161794977357
738,0.2001852614244545
739,0.20358172087278714
740,0.20800741045697818
741,0.19843557019349525
742,0.19956772334293948
743,0.20193495265541375
744,0.20543433511733222
745,0.2026554137505146
746,0.1988472622478386
747,0.2041992589543022
748,0.20512556607657473
749,0.20584602717167558
750,0.2088307945656649
751,0.20090572251955538
752,0.20512556607657473
753,0.20471387402223137
754,0.21037463976945245
755,0.20872787155207906
756,0.20738987237546316
757,0.20512556607657473
758,0.20543433511733222
759,0.20224372169617127
760,0.20564018114450391
761,0.2107863318237958
762,0.203684643886373
763,0.2010086455331412
764,0.20358172087278714
765,0.1990531082750103
766,0.20183202964182792
767,0.20491972004940304
768,0.2048167970358172
769,0.20409633594071636
770,0.20059695347879786
771,0.19431864965006176
772,0.20471387402223137
773,0.20162618361465623
774,0.20852202552490737
775,0.20594895018526144
776,0.20337587484561548
777,0.19720049403046522
778,0.2069781803211198
779,0.20358172087278714
780,0.2053314121037464
781,0.19997941539728284
782,0.20677233429394812
783,0.20913956360642239
784,0.2099629477151091
785,0.20430218196788802
786,0.2066694112803623
787,0.20543433511733222
788,0.2015232606010704
789,0.1982297241663236
790,0.19781803211198024
791,0.20450802799505968
792,0.2015232606010704
793,0.20255249073692877
794,0.20625771922601893
795,0.1990531082750103
796,0.20913956360642239
797,0.20059695347879786
798,0.2006998764923837
799,0.20111156854672704
800,0.20769864141622066
801,0.1993618773157678
802,0.20008233841086867
803,0.20965417867435157
804,0.20625771922601893
805,0.20646356525319062
806,0.20142033758748457
807,0.20553725813091808
808,0.2015232606010704
809,0.19370111156854672
810,0.20584602717167558
811,0.1990531082750103
812,0.2041992589543022
813,0.20111156854672704
814,0.20111156854672704
815,0.20738987237546316
816,0.20852202552490737
817,0.20738987237546316
818,0.20430218196788802
819,0.20636064223960476
820,0.2017291066282421
821,0.2050226430629889
822,0.19586249485384932
823,0.2006998764923837
824,0.20028818443804033
825,0.20358172087278714
826,0.20450802799505968
827,0.2094483326471799
828,0.20090572251955538
829,0.207492795389049
830,0.20512556607657473
831,0.20358172087278714
832,0.20059695347879786
833,0.20327295183202965
834,0.1990531082750103
835,0.2061547962124331
836,0.2039934129271305
837,0.19802387813915193
838,0.20203787566899958
839,0.20317002881844382
840,0.20553725813091808
841,0.20553725813091808
842,0.20090572251955538
843,0.20461095100864554
844,0.20605187319884727
845,0.19946480032935365
846,0.20028818443804033
847,0.20687525730753398
848,0.20049403046521203
849,0.20780156442980652
850,0.2053314121037464
851,0.20193495265541375
852,0.20121449156031287
853,0.20677233429394812
854,0.20677233429394812
855,0.1993618773157678
856,0.20121449156031287
857,0.19946480032935365
858,0.2069781803211198
859,0.1985384932070811
860,0.2010086455331412
861,0.20306710580485796
862,0.20687525730753398
863,0.2061547962124331
864,0.21119802387813916
865,0.20358172087278714
866,0.20059695347879786
867,0.20162618361465623
868,0.19956772334293948
869,0.20564018114450391
870,0.2001852614244545
871,0.20203787566899958
872,0.20769864141622066
873,0.2003911074516262
874,0.20553725813091808
875,0.1985384932070811
876,0.20008233841086867
877,0.19792095512556607
878,0.20780156442980652
879,0.19802387813915193
880,0.2061547962124331
881,0.20512556607657473
882,0.2015232606010704
883,0.20317002881844382
884,0.1990531082750103
885,0.20687525730753398
886,0.2034787978592013
887,0.20255249073692877
888,0.203684643886373
889,0.2039934129271305
890,0.19946480032935365
891,0.19473034170440512
892,0.2023466447097571
893,0.1963771099217785
894,0.20564018114450391
895,0.19586249485384932
896,0.2069781803211198
897,0.20522848909016056
898,0.1988472622478386
899,0.20244956772334294
900,0.20275833676410046
901,0.199876492383697
902,0.19730341704405105
903,0.20841910251132154
904,0.20214079868258542
905,0.20471387402223137
906,0.20594895018526144
907,0.19925895430218196
908,0.2010086455331412
909,0.20327295183202965
910,0.20564018114450391
911,0.19627418690819268
912,0.20574310415808975
913,0.20317002881844382
914,0.2010086455331412
915,0.20594895018526144
916,0.20214079868258542
917,0.2010086455331412
918,0.20317002881844382
919,0.20142033758748457
920,0.20564018114450391
921,0.1982297241663236
922,0.19895018526142447
923,0.1955537258130918
924,0.20327295183202965
925,0.19915603128859613
926,0.20852202552490737
927,0.20275833676410046
928,0.2039934129271305
929,0.2006998764923837
930,0.20625771922601893
931,0.20183202964182792
932,0.20049403046521203
933,0.203684643886373
934,0.203684643886373
935,0.19339234252778922
936,0.19946480032935365
937,0.2001852614244545
938,0.2017291066282421
939,0.2017291066282421
940,0.20512556607657473
941,0.20008233841086867
942,0.21027171675586662
943,0.20296418279127212
944,0.20121449156031287
945,0.19812680115273776
946,0.2034787978592013
947,0.20677233429394812
948,0.20337587484561548
949,0.2010086455331412
950,0.19895018526142447
951,0.20389048991354466
952,0.21315356113627007
953,0.20605187319884727
954,0.20450802799505968
955,0.19658295594895017
956,0.20440510498147385
957,0.20759571840263483
958,0.2048167970358172
959,0.20275833676410046
960,0.21047756278303828
961,0.19781803211198024
962,0.2039934129271305
963,0.20203787566899958
964,0.20090572251955538
965,0.20636064223960476
966,0.20008233841086867
967,0.20512556607657473
968,0.20255249073692877
969,0.2023466447097571
970,0.2026554137505146
971,0.20440510498147385
972,0.20821325648414984
973,0.20430218196788802
974,0.2039934129271305
975,0.20440510498147385
976,0.20193495265541375
977,0.2050226430629889
978,0.20327295183202965
979,0.20162618361465623
980,0.20183202964182792
981,0.20296418279127212
982,0.20780156442980652
983,0.20244956772334294
984,0.2028612597776863
985,0.20687525730753398
986,0.20512556607657473
987,0.20275833676410046
988,0.20677233429394812
989,0.1930835734870317
990,0.208110333470564
991,0.2069781803211198
992,0.20255249073692877
993,0.20121449156031287
994,0.2048167970358172
995,0.20131741457389873
996,0.20121449156031287
997,0.20440510498147385
998,0.20358172087278714
999,0.2010086455331412
1000,0.20358172087278714
