model,component,term,beta,SE,z,p
beta_binomial_main,location,(Intercept),0.2495896951914669,0.06927422027382293,3.6029231971850986,3.146585230214716e-4
beta_binomial_main,location,rel_LD,-0.05313920885647748,0.005986588360214136,-8.876375935521434,6.907410196257167e-19
beta_binomial_main,location,age_classOLD,0.1059184789328072,0.03848366154792086,2.752297330151778,0.0059178763802002834
beta_binomial_main,location,temp_mean_c,-0.24159115657358693,0.06548489206515558,-3.6892655535449412,2.249023731882622e-4
beta_binomial_main,location,year_c,0.001365592063827157,0.006320917479651945,0.21604333045372268,0.8289539722004358
beta_binomial_main,location,rel_LD:age_classOLD,-0.018733595830845037,0.007494145315894967,-2.4997641547077247,0.012427601023702424
beta_binomial_main,precision_log_phi,(Intercept),-0.12458301973719486,0.041474115891329176,-3.003874032266977,0.002665656671336449
beta_binomial_main,precision_log_phi,rel_LD,-0.02359049269662837,0.004308438121613186,-5.475416387736237,4.3648402366509354e-8
beta_binomial_main,precision_log_phi,temp_mean_c,0.054496314936367855,0.022094112794357114,2.4665536671961923,0.013642028385850114
beta_binomial_main,precision_log_phi,year_c,0.0033020069837969078,0.002264489791257466,1.4581681915922045,0.1447941890064533
beta_binomial_main,precision_log_phi,age_classOLD,0.09765033903713813,0.046236373039522737,2.1119809495798223,0.0346880833208681
