component,term,main_beta,main_SE,main_p,sensitivity_beta,sensitivity_SE,sensitivity_p
location_logit,(Intercept),0.258941806659677,0.0691357120132811,1.8009712667918634e-4,0.255752266076106,0.06601043636767787,1.0687820648666883e-4
location_logit,rel_LD,-0.05348648003963921,0.0059565969711098884,2.7232490929586096e-19,-0.05331447927305621,0.00595627043984679,3.5232858830501726e-19
location_logit,age_classOLD,0.10452645773357691,0.038361672483084024,0.006434769961877533,0.10562883502071277,0.038365374063393035,0.005900978297176029
location_logit,temp_mean_c,-0.2502483897831656,0.06542462656137424,1.30778632585999e-4,-0.2947941185735324,0.06543663013070136,6.636291338245322e-6
location_logit,year_c,-3.6893378161465094e-05,0.006254818787609815,0.9952937907327617,0.0014691230080301203,0.005965904288852971,0.8054862373504867
location_logit,rel_LD:age_classOLD,-0.01858794346891088,0.0074632826453427704,0.012753281003591977,-0.018719042086224907,0.007463323889774968,0.01213694485441297
precision_log_phi,(Intercept),-0.12929292664412428,0.04130692143705179,0.001747737113788298,-0.1276238126702315,0.041385493866872666,0.0020438777381677005
precision_log_phi,rel_LD,-0.022865112506962083,0.004293209643363407,1.00466328330371e-7,-0.022888110279401592,0.004293070711012183,9.74543463283558e-8
precision_log_phi,temp_mean_c,0.050880350845729005,0.02204577458634781,0.021002408666832124,0.05422065631685947,0.022502155537167907,0.01597106464172965
precision_log_phi,year_c,0.0025573548057367256,0.002247160420401704,0.2551044562710944,0.002254465438411603,0.002290763993840431,0.325039608152192
precision_log_phi,age_classOLD,0.10786808616946711,0.046085289978864775,0.019251823561093655,0.10517416780005921,0.046244132573776235,0.022946477819644682
location_logit,temp_sd_c,NA,NA,NA,0.1931987663496913,0.09430145850230909,0.040487964478403436
precision_log_phi,temp_sd_c,NA,NA,NA,-0.026787720616864453,0.03640013694140315,0.4617771806792713
