convergence,at_boundary,(Intercept),rel_LD,temp_mean_c,year_c,age_classOLD,simulation
0,0,0.017387716565920815,-0.004146651567129166,0.006636177417358226,3.2594029019787776e-4,-0.054580827941755734,1
0,0,-0.07817912587622258,0.006336555768214306,-0.015574795872595703,0.001169331469859546,0.009289970308867438,2
0,0,-0.0734251592949805,-0.004772527422132515,0.008633084749608342,-0.0016485083764838859,0.009387529475510881,3
0,0,-0.06523124950848178,0.006394991986431222,-0.024052227987617556,4.640245898432678e-4,-0.022732666897194317,4
0,0,-0.11653656424879608,0.0021137561138868306,-0.029777125605595846,6.527504537861599e-4,0.040841269057950186,5
0,0,-0.091854170470757,-0.0013728965568046152,0.022644974407472984,-0.001954723320948019,0.040129200068704435,6
0,0,-0.19527352103292056,0.011123535121735879,-0.0020339376617434465,-0.002236541751482323,0.16752444028611463,7
0,0,-0.1783925996494893,0.002235249844616829,0.038188362485292025,-0.0036120498818528824,0.07307042492370645,8
0,0,-0.09508222467272025,0.004134515513181081,0.017404690594900574,0.0010216602887775739,-0.0015995679142164342,9
0,0,-0.13190001220571132,0.005539308023001413,0.03073975249738511,-0.0019028162839160993,0.009099124908171434,10
0,0,-0.058413329233561406,-0.004865157837797839,-0.008130403095239113,-8.934106472516424e-4,0.011928461205264225,11
0,0,-0.058093743418388806,-0.0019498561602167399,0.02368539912118651,-0.0016201234670927156,-0.028048672557331945,12
0,0,-0.07975503641177353,-0.003089724694280481,0.02432458280531235,-8.205886025575478e-4,0.02916146939046254,13
0,0,-0.10670459940992821,0.0023654977173984256,0.0011067181627685105,0.0010914593283946877,0.0333585789154724,14
0,0,-0.011179064093463661,-0.0066254092568170065,-0.03332675666002438,-0.0010204847868527489,0.0015443139552534513,15
0,0,-0.0571861283005897,4.597864734319037e-4,0.014306455549293912,-0.0020969785496795404,-0.008000212168983611,16
0,0,-0.10984668479695252,0.0028380556495875525,-0.028309937614306547,0.00217497605993121,0.07857139730482035,17
0,0,-0.140781385648834,-5.953705501596628e-4,0.009092445954331355,-0.003402763570794836,0.08055975418937725,18
0,0,-0.08615623737155276,0.005653236620123615,-0.019799029545463632,8.389206641557655e-4,0.053298931855927385,19
0,0,-0.0897085418049788,-0.001517101015254662,0.013807877253368765,-4.485675642496549e-4,0.0906297902275775,20
0,0,-0.029315088945292778,-0.006584800211612796,-0.02967292382560983,-2.367862020651513e-4,-0.014765359121528616,21
0,0,-0.04753647040297079,0.006546006263097691,-0.020877363824650195,-0.001517292045009238,-0.03111983838160557,22
0,0,-0.07243716077908494,-0.005686508607223004,0.007301879318797782,-0.0013209788632843856,-0.012823360222744095,23
0,0,-0.021590635616951157,0.0015980133435827628,-0.015610720907864044,0.0018243534437790013,-0.04568742602190575,24
0,0,-0.09300279284644149,-0.002985054953968441,0.010561048126967827,-0.0018792085385246839,0.03231434175104347,25
0,0,-0.09734943709321102,-0.002548846129314634,-0.01366645850802544,-2.5708669803123e-4,0.021202564520302593,26
0,0,-0.010611690816975536,0.00149769066443124,-0.010560079772809428,0.0014811706173068534,-0.07256269823121846,27
0,0,-0.06569712682750498,0.0034084835294642445,0.01717993243856266,-8.703979878823688e-4,-0.01581755260165083,28
0,0,-0.08601696159403248,0.005275040985432747,-0.011306023539732786,2.1196919711318683e-4,0.013654738029291763,29
0,0,0.030104481459720393,-0.0026800459829870236,-0.024555614375413502,0.003187728535854017,-0.10042048054996312,30
0,0,-0.04182261726504886,0.004443007024484524,-0.0012520918079931608,3.884765369408166e-4,-0.016797030154950286,31
0,0,-0.009684604619067644,-0.0036279062991934007,0.017768571936076658,-0.003796491301559709,-0.06811058832310816,32
0,0,-0.08793381187932979,1.8959131363812493e-4,0.0069276944009456385,-0.0018925420504191633,0.021744882107803905,33
0,0,-0.05912518037876055,0.0013817762065609048,0.020414788813388582,-0.002905502762107739,0.029801610816076025,34
0,0,-0.02830310692685316,-7.336589193722249e-4,-0.01952750000940174,8.954328613524817e-4,-0.035180690454988076,35
0,0,-0.06485167457149711,0.001300476158054747,0.01744458342707425,-0.0021589524249755313,0.01976280348772844,36
0,0,-0.04404540639267791,0.0040388753348405216,0.004413961736320383,0.0019510535498983134,-0.053638636350103984,37
0,0,-0.08418835070635397,0.004336115093732355,0.0035617764442553226,0.001435117906935359,-0.013740615521862185,38
0,0,-0.06434966419428717,-3.1107898839456076e-4,-0.0019127778146486155,0.002261802025692378,0.03932838898090881,39
0,0,-0.04417784977708905,-2.8014907736241985e-4,0.004864079349652446,-8.829245669640392e-4,-0.04692131478627302,40
0,0,-0.08450773908589605,-0.00863332053229187,5.170357284175154e-4,-0.003696008288343072,-0.01391894552089545,41
0,0,-0.040624853998398394,2.929254786651157e-4,0.010521179011826302,-0.0015796461334649224,-0.028528498854320412,42
0,0,-0.10881458826231737,0.003486100541640691,-0.02316253429256618,0.0010722366400847344,0.04440138183065817,43
0,0,-0.012411208314650089,-0.00810008415703508,-0.011752761166648987,0.0012227358019344682,-0.04825732446417579,44
0,0,-0.07331674559983971,0.0033156495628767968,-0.009067381559519552,-0.0028305585590063746,-0.02674821020032044,45
0,0,-0.04801817154158049,0.009672729840766356,0.031161123513465006,-0.0011979553495929638,-0.01599463550317985,46
0,0,-0.024842353383111325,0.001239945397802429,-0.040243109117062394,0.003579932788107774,-0.03469599845788664,47
0,0,-0.10421191897478856,8.022450960300301e-4,-0.041079337792619804,0.0017701020171516778,0.039336379038850254,48
0,0,-0.09827264467734499,0.0013091254567952802,0.026013952251867072,-3.9175108241798414e-4,-7.17199664414351e-4,49
0,0,-0.0712315234220001,8.677377501569194e-4,-0.010535646824941411,-0.0026036307780377237,-1.371282722550465e-4,50
0,0,-0.12326746112880832,-0.0033866003585151403,-0.03658228267617642,0.002203449001056036,0.07626600963870364,51
0,0,-0.11368484404230161,-0.001683061465420054,0.026674944486305516,3.798579226199584e-4,0.06313832787925937,52
0,0,-0.11366987491316193,-0.0010875652980495403,0.02496042496703018,2.9054563037571497e-4,0.030356622917253846,53
0,0,-0.1298039162184084,9.339891514038586e-4,-0.007282748891686331,-0.0021371315366915757,0.08921933839737543,54
0,0,-0.05831271911492886,0.0058288793323388105,-0.0012478696151320572,0.0014559711823439576,-0.05252636683467026,55
0,0,-0.04465307518184986,-0.0015670553050249195,0.015885280946248134,-0.0030396386859118316,0.005779160134168531,56
0,0,-0.0986516862851159,-0.004139694633228072,0.0118427417607842,-0.0017262671214323681,0.05596049537485186,57
0,0,-0.03941156978414592,-2.2748220739717478e-4,-9.082306152011782e-5,0.0031567677597253495,0.0011620770263881994,58
0,0,-0.1487547372486787,0.004130225024812927,0.012886801047544309,-2.1588705439948917e-4,0.034763634330035424,59
0,0,-0.05158567491968007,-0.0033958602652962885,-0.02138843018472592,4.892124417050136e-4,-0.020394498490938898,60
0,0,0.012033562735898876,0.0031992866824334357,-0.030675639519413742,7.010578820048327e-4,-0.06295823451999523,61
0,0,-0.12794508553147024,0.004739553159181893,-0.024163092649046015,0.0016810718870487627,0.012021099384023275,62
0,0,-0.09425540651567843,0.002293388679616606,-0.03065942813311035,0.005443553793152777,0.05508791245321864,63
0,0,-0.10553925723372119,0.006561967664305941,0.01769208770157809,0.0015896461441553473,0.009619666597031312,64
0,0,-0.06579498004337546,0.001587187583265468,0.002696266633331124,0.0019132195263620747,-0.01593717316383067,65
0,0,-0.05725289228782076,-0.0027504704804150884,0.01598849838790663,6.420838275467974e-4,-0.01601156397112564,66
0,0,-0.08530224354261078,-0.0011702949732038724,-0.011458454920870016,3.3905765338206924e-4,-0.014561073401252077,67
0,0,-0.0581068600815102,0.0016719263643629255,0.014373359402972673,0.0013040993908658212,0.00816182904931169,68
0,0,-0.12574270040965668,-8.772490777968337e-4,-0.0022596498840999272,-6.973138908654321e-4,0.08334531280869541,69
0,0,-0.08074513473328351,0.00579117267914981,0.013019154328729883,-0.003535223623616432,-0.0022395142044388536,70
0,0,-0.1319363804678516,0.003992789201773974,0.015648413528341884,-0.0021410130317013423,0.07274231678244947,71
0,0,-0.07402720469188115,0.0035294065893383313,-0.011710926196116925,-0.0023977984551389374,0.023813818675227468,72
0,0,-0.13198452118382376,0.0031648944086803865,0.00618459636533294,5.565242651536203e-4,0.08683910948712112,73
0,0,-0.026768855156778033,0.003207594994164757,-0.012000790371150639,-0.0010185975894114005,-0.08446233245567218,74
0,0,-0.059727316717531106,-0.002351093590712323,-0.041655914811013606,0.0024864888720745842,-0.011658783506746699,75
0,0,-0.02967834280511943,0.0023472689950963374,-0.04989120336833918,0.004244738423561955,-0.05566412061844293,76
0,0,-0.03318769843755257,-0.001574874790871749,0.005926442761779574,-0.00218968162138406,-0.07736414088576696,77
0,0,-0.12564759799781286,-0.0035848145156111007,0.01643050670560852,-0.004559272033387287,0.05349698390660248,78
0,0,-0.06246319033310069,2.5754331381385256e-4,0.0505556542608129,-0.002644681732640268,0.0053587059214785975,79
0,0,-0.05940787166511044,0.011281767586969494,0.013506543121435916,9.979493621419823e-4,-0.021550037202388572,80
0,0,0.006743619305235627,-4.35743131082291e-4,0.014431447028694193,-7.551228449592046e-4,-0.09131145780529237,81
0,0,-0.06404879649803352,0.005007151507274079,0.014478162196373125,-0.0018776421332096095,0.0107631301328637,82
0,0,-0.09926172431575771,-0.007228231779294834,-0.00890190910922206,0.0022201135434917587,0.01793251084196399,83
0,0,-0.03877681316965605,-1.5441630128330282e-4,-0.002922663492209507,0.001495457656922747,-0.05870433222972514,84
0,0,-0.13774541809587582,-0.0050895229405409775,-0.01175310482776441,-9.028305734307932e-4,0.08190002674186186,85
0,0,-0.08294933075211114,0.003241724843979771,-0.0046799183364611835,0.0021721271942204195,-0.015996312703739742,86
0,0,-0.08928361134836989,-0.001331246789153169,0.03387274598902372,4.935236795992373e-4,0.02191493921364357,87
0,0,-0.0622924198842874,-0.0028423371452398725,0.0017525705643040648,-0.002423144547295231,-0.013338769970164121,88
0,0,-0.01631598050103061,-0.004181876625752149,0.01865880989569399,0.0025872730942114344,-0.02025838284444606,89
0,0,-0.1269502259656461,-0.0010585527238937311,0.008580682107602357,-6.450156838065733e-4,0.01931330824962622,90
0,0,-0.10480349526985148,-0.0023056857104857467,0.03665712050014679,0.0013040820468053404,-0.0040678407251832464,91
0,0,-0.10087510271390039,0.0035392474914162125,-0.0144503737818492,0.003333293720659597,0.03359998777958868,92
0,0,-0.13004385321504727,0.006366563460434802,-0.021295199814984813,-2.5659228693546203e-4,0.030689540112558374,93
0,0,-0.023611612997317902,0.0029599911024935513,-0.022744202499734033,-0.0024217095361894537,-0.051311785105773104,94
0,0,0.013091300958866008,-0.001491324909531403,-0.0021504513046718405,-0.003004084586129359,-0.04775187475200855,95
0,0,-0.11857366552136243,-0.003003472330705252,-0.009060970212787862,-4.3243361986452996e-4,0.033854265003105566,96
0,0,-0.07011013422495671,-0.0038844805603321006,0.004365789865843282,-9.032510052731227e-4,0.012159237377986838,97
0,0,-0.06962850548292701,0.003943738121094792,-0.015946732199580295,7.838608646022732e-5,0.04790610911149233,98
0,0,-0.09131791530145725,-0.004329509008955653,0.01155420803911948,0.0019643441093720425,-0.01331466354906649,99
0,0,-0.04811943000382065,-0.008031897550574176,-0.030723774199795054,0.002037765557987359,-0.028396862561370702,100
0,0,-0.014023310640298723,-0.0036125249769639054,0.002241377361039246,7.482847713383837e-4,-0.03105496843946742,101
0,0,-0.1256724091949985,-0.005925209325341227,0.008993132731430762,-0.0027374603083058333,0.04675067500667462,102
0,0,-0.08375934493795277,-0.005929859928691099,-0.00856702101610161,-0.0011659387044899573,0.009691797718703666,103
0,0,-0.060943246319836254,0.004705225526025823,-0.014672144805935084,-1.0369390388194349e-4,-0.029592369558449995,104
0,0,-0.11867670946006127,0.006778102268026193,-0.039960941499251154,6.981153548934756e-4,0.0552225196119766,105
0,0,-0.03912060780102024,-0.008648000722793672,-0.026378442826683623,-4.5521457586845054e-4,0.002957734846004012,106
0,0,-0.05038615759323893,0.006402382228442308,0.01574822240860993,-0.0025675144933486314,0.026699965097574527,107
0,0,-0.067296775778455,-0.0027503006123325148,0.022022518318455524,-0.002050894397758479,-0.035432021536072604,108
0,0,-0.06545764192627987,1.1702706007106707e-4,-0.0028158728780325764,0.004135071041427036,-0.03696339014058575,109
0,0,-0.0662281027052626,0.004074347450471767,-0.00376793725065849,0.001505968668232573,0.022171098150163358,110
0,0,-0.13259450916831061,0.0015541105549046709,-0.014877793679033548,0.0017366731557122035,0.042058826238152255,111
0,0,-0.08640962767225283,-0.001297988231591296,0.051605223506915106,-0.003656584304169777,0.0199986135218547,112
0,0,-0.08905129666085272,0.012375204714318936,-0.024398062174026774,0.0026583747257278583,-0.0013221207899797164,113
0,0,-0.08352874801117773,0.002449697475638767,0.016829179598047223,-5.22128373825496e-4,-0.03367617470052662,114
0,0,-0.02912248424471257,0.0049887776623267766,-0.013732910205575644,0.0022167382727145794,-0.048540943738009094,115
0,0,-0.05782833188657145,-0.0013777262811239793,-0.002820795080726878,-0.003274592138842843,-0.031705924177701884,116
0,0,-0.08569402634255904,0.0010464141125466114,-0.011972945895054043,0.0028252330041097567,0.004681298424051877,117
0,0,-0.044972932161369134,-0.004550059255419626,0.023822350519624665,-0.005443089428039089,-0.01787681212718305,118
0,0,-0.09523950996024814,-0.003065194219421237,0.020122547920379753,2.3221149866252337e-4,0.028649604295997645,119
0,0,0.006411370887214022,-0.004769868821225236,0.011591803789605509,-5.567205132363459e-4,-0.05543947290064381,120
0,0,-0.12812825145055426,0.007501144856527209,0.012393599540989305,-0.0012157068926866184,0.037469999061070125,121
0,0,-0.09075413971170818,7.023550506299067e-4,-0.002959327567209399,-8.343732846365318e-4,-0.03286760371046859,122
0,0,-0.04077763602313001,0.0013689791884660578,-0.009099033200515666,-7.05738933280276e-4,0.01572201059909848,123
0,0,-0.006624709488109918,1.6670809322096407e-4,0.0357242936636655,-0.002640167222237608,-0.08651736355014063,124
0,0,-0.10460018719276037,0.004375205618981949,0.00845188591188408,2.9661632222767356e-4,0.007086788284354255,125
0,0,-0.06084225159562141,0.005252906259396255,-0.0024117916463481984,2.8474286609440674e-4,-0.048610076469902126,126
0,0,-0.06865061743901577,0.0014681691650585945,0.001968029128257543,-0.0011719900396101974,-0.005178440611934994,127
0,0,-0.08549364084224623,0.005218522730257125,0.012671815215383778,-3.602450400132138e-4,0.012552298038713442,128
0,0,-0.08286309155022156,-0.0020130530295482765,0.015394092841056061,4.4359718663820543e-4,0.029079267641546,129
0,0,-0.06239137971815532,0.003250933095659845,0.017292601639419546,0.0025296340579134455,0.0231095236088106,130
0,0,-0.061969978032007954,-0.008358117069521892,-0.013841005472955947,0.001981374579684176,-0.018946124510654375,131
0,0,-0.02287728247429241,0.002116320375574577,-0.0243781612155407,5.165038067647563e-4,-0.0820377369212247,132
0,0,-0.05260384070746738,-0.002766384068024183,-0.0010165988653737593,0.003273336166433017,-0.04668782816691252,133
0,0,-0.10345905208988235,-8.648890577126056e-4,0.006307662382173893,8.043011769066669e-5,-0.008056579627971969,134
0,0,-0.047285912879849866,0.0017363945246136009,-0.014812742901800482,3.863470078548588e-4,-0.04285403427259761,135
0,0,-0.05983806364969078,-0.003962558155557454,-0.0030400901812679066,0.001410329700530464,-0.02101332778704482,136
0,0,-0.09099999085069115,-0.002918437622360101,-0.025236441793315127,-4.821833167411357e-4,-0.014386694260821491,137
0,0,-0.06552472582611309,-0.0017152866608027945,0.007499923779730148,-0.002253678676984583,-0.013839407942207782,138
0,0,-0.11198886141765232,0.0015734774628661389,0.003969842282199266,-0.00392664381611849,0.06892170087367147,139
0,0,-0.0908363341020349,-0.004219999273442597,-0.01565791117896995,6.509867657454685e-4,0.013253984289205252,140
0,0,-0.008926617274349596,0.0018520189367396958,0.006749247667945538,2.1253364077748909e-4,-0.06715744411520128,141
0,0,-0.0838853968012792,0.002696747031682328,0.004737742723308408,7.502601604201263e-4,0.025437698752335817,142
0,0,-0.03110580984898171,-0.006571800511250668,0.04318076533489372,-0.002212470161144068,-0.059390164839371484,143
0,0,-0.15388573825279617,0.0013754568091730627,-0.00604801933671553,-0.002182793311592115,0.0863532005353053,144
0,0,-0.13135673052197064,0.005350552471982441,0.026518676006969808,-0.0018653682161519842,0.07274853388503003,145
0,0,-0.08570563058890573,0.006891642383822563,4.4229211346481876e-4,-0.002562408236466594,0.02268893398365833,146
0,0,-0.07848389539334892,0.0033446049960132672,-0.012658512900983153,-4.063777352816521e-4,0.03351586572827894,147
0,0,-0.14330543081222305,-0.003063506053232914,0.014917736738922372,-0.0019190141613193012,0.06716921089929317,148
0,0,-0.05109730644610303,-0.0020686319440420824,0.014473670371836908,-8.053494191690447e-4,-0.0020790711919762414,149
0,0,-0.0899906360126273,-0.003040611830372587,0.0022549337852345334,5.331886841446015e-4,0.02276365619390153,150
0,0,-0.08899864338984514,-0.002703172697986536,0.005916074247329011,3.5942725394080984e-4,-0.0428933163165278,151
0,0,-0.0641983301206852,0.001059221248141422,-0.027834000946412973,7.354302679636077e-4,-0.024326379056735695,152
0,0,-0.01529482147945452,0.004849783513154952,0.0057334675007186505,0.0026539598486636983,-0.07296551905633646,153
0,0,-0.03998905153505693,2.0734224907101678e-4,0.018934308356477535,-0.002281441196430901,-0.05439303379052157,154
0,0,-0.06007729098341515,-0.004714667016440865,0.03722538487217651,-0.003999410855643687,0.031401803070892714,155
0,0,-0.11455385912618854,0.001329822547647337,-0.002425229225911923,0.001379479443713968,0.031580687921927204,156
0,0,0.0031530906898119765,0.0010584080987215434,-0.007883806607129937,-2.0053343147377346e-4,-0.0816466654410255,157
0,0,-0.021726010737529083,0.007030157777563451,0.030489808245303875,-0.0019361065595041975,-0.06891657327109914,158
0,0,-0.06981393832696503,0.003438503957542134,-0.020840878537977725,9.392820570145282e-4,-0.004629377272297888,159
0,0,-0.010538317529976545,-0.0011783961974431943,0.002781620109073397,-6.528397212808889e-4,-0.030884486254460785,160
0,0,-0.11043466122512721,-8.752261073550143e-4,0.03308702496142536,-0.0018543252028914864,0.04075658708297771,161
0,0,-0.12232739687750457,-0.0011691812487533118,-0.016468688022254065,0.004880467673434173,0.0480299260738151,162
0,0,-0.1324124792154817,0.005864936832796051,-0.012053620781485024,-0.0010908719403267435,0.034627680924479536,163
0,0,-0.04788040684822191,-0.005911574588374039,0.006364918560446373,-5.66395582953348e-4,0.021416550718731792,164
0,0,-0.13151775066194693,0.0056998236887819435,-0.00861621151075957,0.0010125260693460189,0.058965565442700735,165
0,0,-0.027343042983605566,-0.0014840326073723095,-0.018988520314749006,0.003872291184398478,-0.02549874711170398,166
0,0,-0.11104026119383646,0.004443150565523085,0.01385000546172611,-0.0018872844881706093,0.048117630237384336,167
0,0,-0.11923391265698681,0.004977295933250403,-0.027021706135943176,0.0019983586136069716,0.038060110211081556,168
0,0,-0.004828987710239154,0.0018698091014123985,0.023347212065111984,-1.816901280801226e-4,-0.0701442339724192,169
0,0,-0.03004303888754795,-0.003496364957951248,0.005885361086861541,-5.573052799345684e-4,-0.06338588076813886,170
0,0,-0.11167629494702633,0.002233973528401632,-0.028421275586870885,0.0014596106059081753,0.047115029216841825,171
0,0,-0.08410107818605302,0.0014820924619671455,-0.018164852466503505,0.0033972250752054246,0.004453916912718772,172
0,0,-0.07944114470711959,0.006223907912623433,0.0020351729549579643,6.14983394492882e-4,-0.009986232862619845,173
0,0,-0.17695592151545192,3.520370793338624e-4,0.03229878095424295,-0.0016116940233354363,0.06893403401570103,174
0,0,-0.07355816015585587,-0.0018115680962426978,0.034995826761093494,-0.0013263691935359303,-0.001978365147901204,175
0,0,0.01859803887199394,-0.0023267517648833764,0.0035951858877902513,-0.002342240236121123,-0.07994645855182284,176
0,0,-0.11457404520873539,-0.0038664801142549183,-0.016894803213894798,-0.0015662574727802819,0.02400357865006306,177
0,0,-0.10969305204406073,-0.0031616852852816547,-0.021386745437413403,-0.0014021979490165986,0.08610883486092123,178
0,0,-0.12977645934102047,0.011411958761306388,-0.0010691340528463547,5.413722109722522e-4,0.09340574671179717,179
0,0,-0.04063204217507828,-0.0019144821434833098,-0.036166484001467936,0.005193268739429365,-0.004554382521795345,180
0,0,-0.1000338720113261,0.0017281800193672944,-0.026418099249603092,0.0036074648815871213,0.041542238153609315,181
0,0,-0.07915136242472007,-0.001769602825100183,0.036242341659185,-0.0045246717985689385,0.03431050625958575,182
0,0,-0.07609147086179514,0.005263830444796278,0.008074033544466341,5.488527922334417e-4,0.017308883629700022,183
0,0,-0.06319750907909048,0.0016484802660612472,-0.004317520729915146,-4.7268835190548655e-4,-0.030401244904452375,184
0,0,-0.03631989218326532,0.005104140640650805,0.07706946821685966,-0.006242738610027036,0.022161242825272483,185
0,0,-0.07096405854827863,-0.005214800216983802,0.015152004506704743,-0.002316490846138376,0.02533583035416646,186
0,0,-0.1321027808938273,0.0014372613525046995,-0.034941062359880884,0.003045107186360793,0.09664875346249971,187
0,0,-0.05760554320211824,-0.003842546231565101,-0.007889507951794007,-0.001016319449535545,-0.012834340217584374,188
0,0,-0.10426854366987809,-0.0035890931217405046,-0.007812142500845477,0.002272328519312531,0.028226624327792035,189
0,0,-0.07871836349363039,-8.275393988402859e-4,-0.0036734753193112843,-0.0011597866387939061,0.008911274682541404,190
0,0,-0.066369398778492,0.006507315889318587,-0.03426639015421601,0.0026022951188526553,-0.025176715085710562,191
0,0,-0.10691435586657143,0.0058277291353869545,0.011582480978272311,0.001329074030450177,0.02184797424321021,192
0,0,-0.10094221095992124,-0.007607395384118355,-0.013314165325385369,0.0029569428686593347,0.06847086652806318,193
0,0,-0.07858618300594294,0.004569874929916829,0.006405447180143519,-4.364226307030183e-4,0.06005279567807095,194
0,0,-0.06413191813681622,0.003302049017987722,-0.007534209888146169,8.538106053210586e-4,-0.04584434431492893,195
0,0,-0.14796542831239148,0.0013912926945426258,-0.003397005066940459,-1.9880815484319848e-4,0.06530917950618778,196
0,0,-0.06157209153388431,-0.006539649657650828,0.005070712921940107,-4.984998750810375e-5,-0.05241102437943349,197
0,0,-0.031822705821712136,-0.0020201453838531174,-0.006255778897216649,-9.227130578888669e-4,-0.043626650840432636,198
0,0,-0.041072268956326125,0.005478378748459299,-0.03413796681334809,8.971819119917945e-4,-0.026688117231037648,199
0,0,-0.029445804543362396,0.002471138831500552,-0.01250874207635088,-0.0010762261107583415,-0.04391240947573857,200
