"simulation","complete_failure_proportion","incorrect_flattened_proportion"
1,0.21899897854954,0.253575076608784
2,0.193054136874362,0.253115423901941
3,0.201225740551583,0.260623084780388
4,0.199897854954035,0.261695607763023
5,0.188355464759959,0.261133810010215
6,0.213789581205312,0.256230847803882
7,0.200919305413687,0.258988764044944
8,0.211950970377937,0.264708886618999
9,0.174872318692543,0.261746680286006
10,0.197752808988764,0.250663942798774
11,0.195505617977528,0.249948927477017
12,0.212870275791624,0.260061287027579
13,0.197139938712972,0.250561797752809
14,0.210520939734423,0.254136874361593
15,0.197548518896834,0.255515832482125
16,0.219611848825332,0.256996935648621
17,0.191726251276813,0.254341164453524
18,0.206843718079673,0.252145045965271
19,0.197139938712972,0.262563840653728
20,0.199897854954035,0.2670582226762
21,0.193360572012257,0.261082737487232
22,0.19805924412666,0.25367722165475
23,0.199387129724208,0.256486210418795
24,0.198161389172625,0.250612870275792
25,0.183758937691522,0.264453524004086
26,0.197344228804903,0.257405515832482
27,0.221041879468846,0.253830439223698
28,0.197139938712972,0.255056179775281
29,0.184167517875383,0.256792645556691
30,0.191215526046987,0.258682328907048
31,0.215423901940756,0.249948927477017
32,0.228089887640449,0.248876404494382
33,0.213278855975485,0.251327885597549
34,0.192032686414709,0.261184882533197
35,0.194279877425945,0.257711950970378
36,0.192543411644535,0.263585291113381
37,0.181409601634321,0.25291113381001
38,0.202042900919305,0.259346271705822
39,0.193258426966292,0.261031664964249
40,0.193360572012257,0.26046986721144
41,0.201430030643514,0.258631256384065
42,0.173237997957099,0.253421859039837
43,0.196527068437181,0.255005107252298
44,0.18876404494382,0.255056179775281
45,0.190296220633299,0.258682328907048
46,0.225944841675179,0.25291113381001
47,0.215832482124617,0.252247191011236
48,0.21144024514811,0.257916241062308
49,0.222880490296221,0.249387129724208
50,0.165066394279877,0.259039836567926
51,0.178345250255363,0.258937691521961
52,0.194790602655771,0.255515832482125
53,0.203983656792646,0.258478038815117
54,0.186925434116445,0.257711950970378
55,0.203983656792646,0.25949948927477
56,0.220020429009193,0.249948927477017
57,0.207252298263534,0.253268641470889
58,0.181613891726251,0.257354443309499
59,0.202247191011236,0.257763023493361
60,0.211542390194076,0.263023493360572
61,0.191624106230848,0.259346271705822
62,0.184576098059244,0.259652706843718
63,0.18876404494382,0.253217568947906
64,0.189989785495403,0.258120531154239
65,0.191726251276813,0.261491317671093
66,0.199182839632278,0.258478038815117
67,0.190091930541369,0.253728294177732
68,0.201327885597549,0.25388151174668
69,0.189581205311542,0.265628192032686
70,0.204596527068437,0.257405515832482
71,0.200204290091931,0.259959141981614
72,0.218386108273749,0.257609805924413
73,0.18876404494382,0.255311542390194
74,0.183350357507661,0.263125638406537
75,0.188866189989785,0.258682328907048
76,0.185903983656793,0.253370786516854
77,0.199795709908069,0.254596527068437
78,0.189785495403473,0.258426966292135
79,0.209703779366701,0.259039836567926
80,0.209601634320735,0.25
81,0.181103166496425,0.259703779366701
82,0.195709908069459,0.250408580183861
83,0.220020429009193,0.260827374872319
84,0.213789581205312,0.254187946884576
85,0.185495403472932,0.258835546475996
86,0.19805924412666,0.255771195097038
87,0.207150153217569,0.250408580183861
88,0.199080694586313,0.252604698672114
89,0.197037793667007,0.267211440245148
90,0.196527068437181,0.246527068437181
91,0.218386108273749,0.254187946884576
92,0.197344228804903,0.256945863125638
93,0.232788559754852,0.255209397344229
94,0.214811031664964,0.257303370786517
95,0.215015321756895,0.257660878447395
96,0.208375893769152,0.254290091930541
97,0.192543411644535,0.259856996935649
98,0.21491317671093,0.254136874361593
99,0.19050051072523,0.256792645556691
100,0.191726251276813,0.260316649642492
101,0.198569969356486,0.26123595505618
102,0.212665985699694,0.260572012257406
103,0.178651685393258,0.261848825331971
104,0.198467824310521,0.260572012257406
105,0.201225740551583,0.25076608784474
106,0.197752808988764,0.254698672114402
107,0.187436159346272,0.257507660878447
108,0.208375893769152,0.258478038815117
109,0.187538304392237,0.253728294177732
110,0.196833503575077,0.260163432073544
111,0.208580183861083,0.252145045965271
112,0.1829417773238,0.256894790602656
113,0.218692543411645,0.258937691521961
114,0.224208375893769,0.257763023493361
115,0.194279877425945,0.259703779366701
116,0.195505617977528,0.256792645556691
117,0.202145045965271,0.253983656792646
118,0.212665985699694,0.247139938712972
119,0.207763023493361,0.255005107252298
120,0.19805924412666,0.251532175689479
121,0.205311542390194,0.254085801838611
122,0.20194075587334,0.256792645556691
123,0.194790602655771,0.2585291113381
124,0.217262512768131,0.256026557711951
125,0.194892747701736,0.257711950970378
126,0.196833503575077,0.262002042900919
127,0.205311542390194,0.250817160367722
128,0.224923391215526,0.256894790602656
129,0.193973442288049,0.25658835546476
130,0.185188968335036,0.260623084780388
131,0.198876404494382,0.259550561797753
132,0.197957099080695,0.257354443309499
133,0.204290091930541,0.257048008171604
134,0.187742594484168,0.266394279877426
135,0.208886618998979,0.256894790602656
136,0.197854954034729,0.261184882533197
137,0.194279877425945,0.252451481103167
138,0.188661899897855,0.260725229826353
139,0.199591419816139,0.261082737487232
140,0.191828396322778,0.252962206332993
141,0.195097037793667,0.260214504596527
142,0.211950970377937,0.256894790602656
143,0.18682328907048,0.267415730337079
144,0.196424923391216,0.256792645556691
145,0.196935648621042,0.254800817160368
146,0.19826353421859,0.256384065372829
147,0.237487231869254,0.257405515832482
148,0.19050051072523,0.262563840653728
149,0.193769152196118,0.25367722165475
150,0.166394279877426,0.266241062308478
151,0.227783452502554,0.258171603677222
152,0.196220633299285,0.256332992849847
153,0.178549540347293,0.25949948927477
154,0.234320735444331,0.255056179775281
155,0.190806945863126,0.255056179775281
156,0.1829417773238,0.261695607763023
157,0.189274770173647,0.250408580183861
158,0.212768130745659,0.258937691521961
159,0.200817160367722,0.249080694586313
160,0.191011235955056,0.254545454545455
161,0.208375893769152,0.261593462717058
162,0.195505617977528,0.256435137895812
163,0.198672114402451,0.251327885597549
164,0.17344228804903,0.254290091930541
165,0.198978549540347,0.254800817160368
166,0.202349336057201,0.258784473953013
167,0.206843718079673,0.256843718079673
168,0.206230847803882,0.257711950970378
169,0.200306435137896,0.252655771195097
170,0.185393258426966,0.260520939734423
171,0.205924412665986,0.258580183861083
172,0.197752808988764,0.258733401430031
173,0.196731358529111,0.252604698672114
174,0.188968335035751,0.253830439223698
175,0.205107252298264,0.260112359550562
176,0.203575076608784,0.252757916241062
177,0.198876404494382,0.258631256384065
178,0.213585291113381,0.259754851889683
179,0.205311542390194,0.261491317671093
180,0.177630234933606,0.264606741573034
181,0.190194075587334,0.252655771195097
182,0.19050051072523,0.255260469867211
183,0.201634320735444,0.252145045965271
184,0.197037793667007,0.258937691521961
185,0.205209397344229,0.265015321756895
186,0.200204290091931,0.253626149131767
187,0.197037793667007,0.256843718079673
188,0.19244126659857,0.257507660878447
189,0.210316649642492,0.262870275791624
190,0.184065372829418,0.256435137895812
191,0.198978549540347,0.261491317671093
192,0.205924412665986,0.261031664964249
193,0.189376915219612,0.25832482124617
194,0.178549540347293,0.25949948927477
195,0.207456588355465,0.257252298263534
196,0.210010214504597,0.258682328907048
197,0.187027579162411,0.260674157303371
198,0.20561797752809,0.253421859039837
199,0.196220633299285,0.24632277834525
200,0.209805924412666,0.269152196118488
201,0.195199182839632,0.258018386108274
202,0.188151174668029,0.257507660878447
203,0.199284984678243,0.24902962206333
204,0.184167517875383,0.261644535240041
205,0.212972420837589,0.25464759959142
206,0.182839632277835,0.260827374872319
207,0.184780388151175,0.25949948927477
208,0.21338100102145,0.255464759959142
209,0.216751787538304,0.253830439223698
210,0.19438202247191,0.262002042900919
211,0.185801838610827,0.257201225740552
212,0.198672114402451,0.262155260469867
213,0.199080694586313,0.257814096016343
214,0.189887640449438,0.259039836567926
215,0.220837589376915,0.266241062308478
216,0.202962206332993,0.251889683350357
217,0.191317671092952,0.261746680286006
218,0.218692543411645,0.256486210418795
219,0.195607763023493,0.254545454545455
220,0.212359550561798,0.25485188968335
221,0.212972420837589,0.259141981613892
222,0.170786516853933,0.25658835546476
223,0.192951991828396,0.256384065372829
224,0.192951991828396,0.25949948927477
225,0.191521961184883,0.249642492339122
226,0.207660878447395,0.253166496424923
227,0.174259448416752,0.263534218590398
228,0.201532175689479,0.255566905005107
229,0.20367722165475,0.258171603677222
230,0.190602655771195,0.256026557711951
231,0.193871297242084,0.256537282941777
232,0.197650663942799,0.253064351378958
233,0.18876404494382,0.257456588355465
234,0.193054136874362,0.260520939734423
235,0.216649642492339,0.25367722165475
236,0.197650663942799,0.2585291113381
237,0.19417773237998,0.251327885597549
238,0.195709908069459,0.251889683350357
239,0.19050051072523,0.255158324821246
240,0.19611848825332,0.259039836567926
241,0.189683350357508,0.258631256384065
242,0.190398365679265,0.260827374872319
243,0.187436159346272,0.261797752808989
244,0.186312563840654,0.257967313585291
245,0.202860061287028,0.259550561797753
246,0.220326864147089,0.251634320735444
247,0.188151174668029,0.255107252298264
248,0.194892747701736,0.254290091930541
249,0.218079673135853,0.260316649642492
250,0.203370786516854,0.259141981613892
251,0.167620020429009,0.258682328907048
252,0.206230847803882,0.254085801838611
253,0.201430030643514,0.26144024514811
254,0.196731358529111,0.258580183861083
255,0.185597548518897,0.262614913176711
256,0.185393258426966,0.253575076608784
257,0.204187946884576,0.256281920326864
258,0.195403472931563,0.255771195097038
259,0.213278855975485,0.256077630234934
260,0.190602655771195,0.257763023493361
261,0.204698672114402,0.261184882533197
262,0.187231869254341,0.259754851889683
263,0.184678243105209,0.254136874361593
264,0.192543411644535,0.256230847803882
265,0.200510725229826,0.257405515832482
266,0.199182839632278,0.256894790602656
267,0.181511746680286,0.261797752808989
268,0.197752808988764,0.262768130745659
269,0.233707865168539,0.247650663942799
270,0.214708886618999,0.264198161389173
271,0.185801838610827,0.256945863125638
272,0.189887640449438,0.256690500510725
273,0.190602655771195,0.252247191011236
274,0.211338100102145,0.257354443309499
275,0.192951991828396,0.260112359550562
276,0.208682328907048,0.254341164453524
277,0.199182839632278,0.263278855975485
278,0.222165474974464,0.255107252298264
279,0.17344228804903,0.255209397344229
280,0.210010214504597,0.252093973442288
281,0.199387129724208,0.253830439223698
282,0.218590398365679,0.262155260469867
283,0.226149131767109,0.262563840653728
284,0.208375893769152,0.253779366700715
285,0.193564862104188,0.255771195097038
286,0.187231869254341,0.26123595505618
287,0.20367722165475,0.25388151174668
288,0.199591419816139,0.257201225740552
289,0.19805924412666,0.257763023493361
290,0.199591419816139,0.252808988764045
291,0.213074565883555,0.25561797752809
292,0.183043922369765,0.25194075587334
293,0.203064351378958,0.254545454545455
294,0.202349336057201,0.259856996935649
295,0.200306435137896,0.25949948927477
296,0.194892747701736,0.259039836567926
297,0.172727272727273,0.269509703779367
298,0.184678243105209,0.25582226762002
299,0.178549540347293,0.265372829417773
300,0.203166496424923,0.259959141981614
301,0.198365679264556,0.258784473953013
302,0.189070480081716,0.254545454545455
303,0.19632277834525,0.259856996935649
304,0.199182839632278,0.259090909090909
305,0.202553626149132,0.254239019407559
306,0.212768130745659,0.262717058222676
307,0.206435137895812,0.256894790602656
308,0.20949948927477,0.264402451481103
309,0.199080694586313,0.261338100102145
310,0.203064351378958,0.256179775280899
311,0.211746680286006,0.252655771195097
312,0.219713993871297,0.254085801838611
313,0.200408580183861,0.256945863125638
314,0.201430030643514,0.258631256384065
315,0.204392236976507,0.255362614913177
316,0.182431052093973,0.261593462717058
317,0.205005107252298,0.259346271705822
318,0.201532175689479,0.252757916241062
319,0.193973442288049,0.254085801838611
320,0.184371807967314,0.255311542390194
321,0.193564862104188,0.257405515832482
322,0.180694586312564,0.26144024514811
323,0.176608784473953,0.260163432073544
324,0.193360572012257,0.265628192032686
325,0.207967313585291,0.259601634320735
326,0.209397344228805,0.257456588355465
327,0.219816138917263,0.262665985699694
328,0.186108273748723,0.255566905005107
329,0.207048008171604,0.255464759959142
330,0.222267620020429,0.258835546475996
331,0.221859039836568,0.259550561797753
332,0.175893769152196,0.255158324821246
333,0.19805924412666,0.255720122574055
334,0.2,0.26123595505618
335,0.203268641470889,0.255566905005107
336,0.217364657814096,0.261644535240041
337,0.195097037793667,0.256690500510725
338,0.20929519918284,0.256741573033708
339,0.19050051072523,0.252655771195097
340,0.190909090909091,0.260725229826353
341,0.208375893769152,0.255413687436159
342,0.190194075587334,0.263636363636364
343,0.225740551583248,0.258682328907048
344,0.196424923391216,0.25097037793667
345,0.202145045965271,0.259652706843718
346,0.182533197139939,0.254136874361593
347,0.182635342185904,0.251021450459653
348,0.208580183861083,0.258478038815117
349,0.205107252298264,0.259346271705822
350,0.221348314606742,0.254800817160368
351,0.202655771195097,0.257967313585291
352,0.182226762002043,0.258478038815117
353,0.192134831460674,0.262768130745659
354,0.193564862104188,0.26026557711951
355,0.208988764044944,0.256843718079673
356,0.202042900919305,0.250715015321757
357,0.197957099080695,0.256639427987743
358,0.198161389172625,0.256741573033708
359,0.201532175689479,0.256128702757916
360,0.208784473953013,0.253421859039837
361,0.215219611848825,0.253779366700715
362,0.212768130745659,0.255515832482125
363,0.182533197139939,0.253983656792646
364,0.213687436159346,0.255311542390194
365,0.199489274770174,0.251327885597549
366,0.176404494382022,0.257048008171604
367,0.198672114402451,0.258631256384065
368,0.18120531154239,0.262819203268641
369,0.209090909090909,0.259805924412666
370,0.201532175689479,0.257048008171604
371,0.180592441266599,0.260674157303371
372,0.199591419816139,0.263329928498468
373,0.197242083758938,0.256792645556691
374,0.223289070480082,0.259141981613892
375,0.185597548518897,0.264504596527068
376,0.202553626149132,0.259550561797753
377,0.197344228804903,0.257507660878447
378,0.195607763023493,0.266802860061287
379,0.198161389172625,0.2585291113381
380,0.193462717058223,0.253217568947906
381,0.196220633299285,0.258937691521961
382,0.211848825331971,0.249642492339122
383,0.19632277834525,0.258120531154239
384,0.203166496424923,0.257201225740552
385,0.190909090909091,0.259601634320735
386,0.190909090909091,0.255515832482125
387,0.182635342185904,0.260572012257406
388,0.215015321756895,0.257916241062308
389,0.185188968335036,0.260316649642492
390,0.187640449438202,0.260572012257406
391,0.181920326864147,0.261184882533197
392,0.180388151174668,0.264351378958121
393,0.227987742594484,0.256384065372829
394,0.228702757916241,0.251787538304392
395,0.201430030643514,0.264351378958121
396,0.199080694586313,0.261593462717058
397,0.189581205311542,0.25076608784474
398,0.201225740551583,0.26046986721144
399,0.200612870275792,0.254545454545455
400,0.210520939734423,0.25464759959142
401,0.180183861082737,0.257252298263534
402,0.192134831460674,0.258171603677222
403,0.189785495403473,0.255260469867211
404,0.192849846782431,0.25194075587334
405,0.214504596527068,0.25755873340143
406,0.212665985699694,0.262870275791624
407,0.204596527068437,0.251991828396323
408,0.18876404494382,0.255260469867211
409,0.232686414708887,0.258631256384065
410,0.184780388151175,0.257405515832482
411,0.204800817160368,0.262921348314607
412,0.189479060265577,0.261644535240041
413,0.216241062308478,0.254187946884576
414,0.222165474974464,0.250663942798774
415,0.199284984678243,0.25658835546476
416,0.194994892747702,0.256281920326864
417,0.219509703779367,0.25929519918284
418,0.18314606741573,0.257660878447395
419,0.218181818181818,0.259039836567926
420,0.207048008171604,0.260367722165475
421,0.201634320735444,0.26338100102145
422,0.211950970377937,0.258835546475996
423,0.201430030643514,0.25658835546476
424,0.173340143003064,0.257252298263534
425,0.189581205311542,0.258988764044944
426,0.206537282941777,0.254954034729316
427,0.189172625127681,0.270020429009193
428,0.20949948927477,0.256026557711951
429,0.18508682328907,0.253472931562819
430,0.215628192032686,0.258426966292135
431,0.201838610827375,0.257967313585291
432,0.213585291113381,0.257099080694586
433,0.20929519918284,0.254545454545455
434,0.184167517875383,0.258171603677222
435,0.212359550561798,0.251481103166496
436,0.190091930541369,0.253626149131767
437,0.163227783452503,0.262717058222676
438,0.226455566905005,0.252247191011236
439,0.181716036772217,0.257201225740552
440,0.20173646578141,0.257150153217569
441,0.212359550561798,0.261593462717058
442,0.230132788559755,0.254136874361593
443,0.19805924412666,0.26046986721144
444,0.199489274770174,0.250817160367722
445,0.184473953013279,0.26046986721144
446,0.203268641470889,0.256639427987743
447,0.205107252298264,0.255566905005107
448,0.191930541368744,0.255260469867211
449,0.191113381001021,0.258222676200204
450,0.214708886618999,0.254443309499489
451,0.184576098059244,0.260878447395301
452,0.213278855975485,0.256639427987743
453,0.193769152196118,0.259397344228805
454,0.212257405515832,0.254136874361593
455,0.195709908069459,0.256435137895812
456,0.201430030643514,0.257405515832482
457,0.178243105209397,0.261644535240041
458,0.192032686414709,0.260776302349336
459,0.189070480081716,0.250817160367722
460,0.227374872318693,0.251021450459653
461,0.194688457609806,0.251123595505618
462,0.208171603677222,0.254749744637385
463,0.186006128702758,0.2585291113381
464,0.199387129724208,0.258018386108274
465,0.178958120531154,0.260367722165475
466,0.169867211440245,0.258835546475996
467,0.173033707865169,0.259703779366701
468,0.214606741573034,0.257405515832482
469,0.20388151174668,0.260316649642492
470,0.202860061287028,0.251021450459653
471,0.204596527068437,0.26123595505618
472,0.180286006128703,0.258784473953013
473,0.201838610827375,0.258886618998979
474,0.202553626149132,0.257865168539326
475,0.172522982635342,0.257150153217569
476,0.192032686414709,0.253472931562819
477,0.187027579162411,0.26123595505618
478,0.187436159346272,0.256332992849847
479,0.202655771195097,0.255413687436159
480,0.222165474974464,0.259550561797753
481,0.164249233912155,0.261593462717058
482,0.213891726251277,0.255464759959142
483,0.206128702757916,0.258171603677222
484,0.189989785495403,0.255873340143003
485,0.201838610827375,0.260316649642492
486,0.20388151174668,0.254800817160368
487,0.21144024514811,0.261082737487232
488,0.196833503575077,0.26046986721144
489,0.204596527068437,0.247752808988764
490,0.188968335035751,0.261082737487232
491,0.17926455566905,0.259039836567926
492,0.187231869254341,0.252604698672114
493,0.189887640449438,0.256281920326864
494,0.201532175689479,0.258478038815117
495,0.199387129724208,0.254187946884576
496,0.201327885597549,0.258733401430031
497,0.187946884576098,0.253830439223698
498,0.206128702757916,0.251889683350357
499,0.181307456588355,0.261287027579162
500,0.217568947906027,0.258580183861083
501,0.22655771195097,0.256639427987743
502,0.217160367722165,0.255413687436159
503,0.200306435137896,0.254136874361593
504,0.205005107252298,0.254085801838611
505,0.196527068437181,0.254443309499489
506,0.182431052093973,0.256945863125638
507,0.184065372829418,0.257660878447395
508,0.202145045965271,0.260112359550562
509,0.199182839632278,0.256281920326864
510,0.18488253319714,0.255720122574055
511,0.198876404494382,0.255515832482125
512,0.20755873340143,0.257354443309499
513,0.183758937691522,0.252962206332993
514,0.207150153217569,0.261082737487232
515,0.198672114402451,0.252247191011236
516,0.217671092951992,0.258018386108274
517,0.186414708886619,0.257814096016343
518,0.180388151174668,0.252145045965271
519,0.198672114402451,0.262104187946885
520,0.207865168539326,0.257763023493361
521,0.200612870275792,0.252196118488253
522,0.236261491317671,0.257763023493361
523,0.206026557711951,0.261184882533197
524,0.209703779366701,0.250357507660878
525,0.200817160367722,0.257507660878447
526,0.189274770173647,0.256486210418795
527,0.190091930541369,0.256792645556691
528,0.191419816138917,0.25561797752809
529,0.183554647599591,0.257252298263534
530,0.172829417773238,0.264096016343207
531,0.214504596527068,0.261593462717058
532,0.206026557711951,0.253524004085802
533,0.224719101123595,0.263993871297242
534,0.192849846782431,0.252400408580184
535,0.216036772216547,0.249438202247191
536,0.200102145045965,0.260214504596527
537,0.192645556690501,0.255311542390194
538,0.196527068437181,0.25367722165475
539,0.200817160367722,0.266036772216547
540,0.212359550561798,0.253115423901941
541,0.204085801838611,0.255975485188968
542,0.190806945863126,0.26026557711951
543,0.217466802860061,0.252093973442288
544,0.190194075587334,0.258426966292135
545,0.196731358529111,0.256077630234934
546,0.211950970377937,0.254596527068437
547,0.186210418794688,0.262819203268641
548,0.190091930541369,0.25582226762002
549,0.191726251276813,0.251889683350357
550,0.204800817160368,0.253728294177732
551,0.207354443309499,0.249897854954035
552,0.212870275791624,0.251481103166496
553,0.214811031664964,0.255669050051073
554,0.160061287027579,0.257048008171604
555,0.195097037793667,0.25561797752809
556,0.197650663942799,0.255362614913177
557,0.203268641470889,0.25832482124617
558,0.192951991828396,0.258937691521961
559,0.213789581205312,0.257150153217569
560,0.223084780388151,0.256945863125638
561,0.196935648621042,0.248569969356486
562,0.209090909090909,0.256996935648621
563,0.207456588355465,0.251787538304392
564,0.179979570990807,0.259550561797753
565,0.206843718079673,0.257252298263534
566,0.19632277834525,0.26317671092952
567,0.178651685393258,0.255209397344229
568,0.193871297242084,0.265934627170582
569,0.19632277834525,0.260316649642492
570,0.205924412665986,0.258069458631256
571,0.205107252298264,0.258018386108274
572,0.200306435137896,0.258937691521961
573,0.186210418794688,0.249182839632278
574,0.19438202247191,0.263891726251277
575,0.208375893769152,0.258835546475996
576,0.202247191011236,0.249591419816139
577,0.18488253319714,0.257456588355465
578,0.183554647599591,0.254187946884576
579,0.199080694586313,0.258937691521961
580,0.194892747701736,0.257507660878447
581,0.192236976506639,0.258682328907048
582,0.178753830439224,0.25464759959142
583,0.194688457609806,0.257354443309499
584,0.2,0.258988764044944
585,0.212665985699694,0.256128702757916
586,0.177425944841675,0.25582226762002
587,0.198774259448417,0.255464759959142
588,0.20561797752809,0.253830439223698
589,0.229009193054137,0.262921348314607
590,0.197037793667007,0.246220633299285
591,0.204392236976507,0.256894790602656
592,0.182431052093973,0.25755873340143
593,0.204902962206333,0.24902962206333
594,0.192645556690501,0.256690500510725
595,0.189172625127681,0.258784473953013
596,0.198672114402451,0.254034729315628
597,0.200306435137896,0.252145045965271
598,0.208375893769152,0.259141981613892
599,0.210520939734423,0.25832482124617
600,0.206332992849847,0.263432073544433
601,0.193667007150153,0.259244126659857
602,0.189172625127681,0.25755873340143
603,0.181103166496425,0.255056179775281
604,0.205924412665986,0.258835546475996
605,0.184065372829418,0.259244126659857
606,0.21317671092952,0.258733401430031
607,0.172727272727273,0.264811031664964
608,0.207763023493361,0.252247191011236
609,0.220326864147089,0.260623084780388
610,0.208988764044944,0.256435137895812
611,0.224106230847804,0.255669050051073
612,0.197548518896834,0.256639427987743
613,0.202247191011236,0.253472931562819
614,0.193156281920327,0.263432073544433
615,0.207763023493361,0.258018386108274
616,0.218896833503575,0.258580183861083
617,0.193258426966292,0.255975485188968
618,0.188151174668029,0.259703779366701
619,0.183452502553626,0.261491317671093
620,0.205107252298264,0.253524004085802
621,0.199795709908069,0.261287027579162
622,0.220837589376915,0.257865168539326
623,0.183656792645557,0.257048008171604
624,0.197752808988764,0.252196118488253
625,0.206945863125638,0.261031664964249
626,0.219203268641471,0.253779366700715
627,0.217568947906027,0.260674157303371
628,0.198672114402451,0.263023493360572
629,0.208580183861083,0.259193054136874
630,0.189887640449438,0.254749744637385
631,0.211746680286006,0.250561797752809
632,0.207252298263534,0.261950970377937
633,0.210010214504597,0.251787538304392
634,0.191317671092952,0.25755873340143
635,0.204085801838611,0.256384065372829
636,0.185495403472932,0.252196118488253
637,0.190909090909091,0.25755873340143
638,0.194688457609806,0.26241062308478
639,0.176098059244127,0.258631256384065
640,0.198467824310521,0.251481103166496
641,0.193462717058223,0.261082737487232
642,0.17538304392237,0.261338100102145
643,0.193871297242084,0.249131767109295
644,0.209805924412666,0.254443309499489
645,0.191317671092952,0.263687436159346
646,0.193769152196118,0.259805924412666
647,0.186312563840654,0.259601634320735
648,0.196527068437181,0.258171603677222
649,0.224821246169561,0.255362614913177
650,0.208171603677222,0.253626149131767
651,0.219918283963228,0.252553626149132
652,0.197650663942799,0.254187946884576
653,0.225331971399387,0.253319713993871
654,0.188253319713994,0.256179775280899
655,0.200715015321757,0.252196118488253
656,0.184269662921348,0.258069458631256
657,0.204596527068437,0.257967313585291
658,0.212972420837589,0.260112359550562
659,0.188866189989785,0.257967313585291
660,0.203779366700715,0.254341164453524
661,0.20194075587334,0.257814096016343
662,0.188049029622063,0.251276813074566
663,0.193667007150153,0.255311542390194
664,0.223493360572012,0.258120531154239
665,0.194075587334014,0.249489274770174
666,0.198672114402451,0.259601634320735
667,0.205311542390194,0.258937691521961
668,0.170684371807967,0.256486210418795
669,0.207048008171604,0.257354443309499
670,0.216445352400409,0.260878447395301
671,0.192543411644535,0.257405515832482
672,0.185495403472932,0.260878447395301
673,0.209090909090909,0.25582226762002
674,0.19244126659857,0.259550561797753
675,0.207763023493361,0.255413687436159
676,0.183248212461696,0.257252298263534
677,0.209397344228805,0.249744637385087
678,0.218079673135853,0.257660878447395
679,0.196629213483146,0.26317671092952
680,0.182124616956078,0.252553626149132
681,0.189785495403473,0.256486210418795
682,0.200204290091931,0.252604698672114
683,0.197037793667007,0.252400408580184
684,0.219713993871297,0.259754851889683
685,0.202247191011236,0.255975485188968
686,0.186721144024515,0.260980592441267
687,0.208682328907048,0.261848825331971
688,0.212359550561798,0.254034729315628
689,0.202451481103166,0.259856996935649
690,0.20755873340143,0.257252298263534
691,0.200817160367722,0.257303370786517
692,0.200715015321757,0.260520939734423
693,0.197650663942799,0.256690500510725
694,0.184678243105209,0.257916241062308
695,0.201123595505618,0.254239019407559
696,0.199284984678243,0.257916241062308
697,0.199182839632278,0.257201225740552
698,0.201327885597549,0.251991828396323
699,0.202247191011236,0.256230847803882
700,0.212768130745659,0.259754851889683
701,0.17732379979571,0.258273748723187
702,0.21144024514811,0.256894790602656
703,0.201634320735444,0.255107252298264
704,0.195505617977528,0.246220633299285
705,0.201430030643514,0.251991828396323
706,0.206843718079673,0.253575076608784
707,0.229928498467824,0.264402451481103
708,0.197037793667007,0.254749744637385
709,0.219611848825332,0.252451481103167
710,0.191828396322778,0.260163432073544
711,0.186516853932584,0.257354443309499
712,0.22635342185904,0.255515832482125
713,0.206128702757916,0.25658835546476
714,0.198774259448417,0.259550561797753
715,0.198161389172625,0.253524004085802
716,0.196527068437181,0.260367722165475
717,0.194994892747702,0.25832482124617
718,0.173953013278856,0.259090909090909
719,0.196731358529111,0.251532175689479
720,0.189274770173647,0.262717058222676
721,0.188151174668029,0.254800817160368
722,0.185291113381001,0.257763023493361
723,0.194075587334014,0.263636363636364
724,0.228907048008172,0.255566905005107
725,0.196935648621042,0.261031664964249
726,0.183656792645557,0.258886618998979
727,0.185495403472932,0.25658835546476
728,0.191317671092952,0.259193054136874
729,0.161184882533197,0.269305413687436
730,0.214198161389173,0.256894790602656
731,0.233401430030644,0.258478038815117
732,0.195505617977528,0.256945863125638
733,0.21144024514811,0.248876404494382
734,0.214198161389173,0.25582226762002
735,0.203166496424923,0.256384065372829
736,0.190296220633299,0.25832482124617
737,0.183656792645557,0.260316649642492
738,0.221348314606742,0.259550561797753
739,0.200204290091931,0.25929519918284
740,0.176506639427988,0.264862104187947
741,0.199284984678243,0.256792645556691
742,0.175689479060266,0.253064351378958
743,0.199182839632278,0.257865168539326
744,0.222267620020429,0.253728294177732
745,0.176506639427988,0.257405515832482
746,0.209397344228805,0.251787538304392
747,0.20582226762002,0.254954034729316
748,0.182737487231869,0.260572012257406
749,0.204392236976507,0.259346271705822
750,0.177221654749745,0.258580183861083
751,0.18120531154239,0.265679264555669
752,0.193973442288049,0.25076608784474
753,0.197650663942799,0.264657814096016
754,0.166394279877426,0.261797752808989
755,0.207763023493361,0.247957099080695
756,0.22461695607763,0.251072522982635
757,0.204800817160368,0.255260469867211
758,0.194484167517875,0.254187946884576
759,0.203268641470889,0.259448416751788
760,0.192236976506639,0.260572012257406
761,0.177834525025536,0.254290091930541
762,0.207660878447395,0.257814096016343
763,0.19611848825332,0.259652706843718
764,0.182226762002043,0.258835546475996
765,0.169867211440245,0.268692543411645
766,0.200817160367722,0.253932584269663
767,0.214198161389173,0.257456588355465
768,0.181511746680286,0.263585291113381
769,0.197752808988764,0.257609805924413
770,0.222778345250255,0.260112359550562
771,0.186516853932584,0.258580183861083
772,0.209193054136874,0.25485188968335
773,0.203575076608784,0.263687436159346
774,0.178958120531154,0.258120531154239
775,0.236670071501532,0.258273748723187
776,0.215321756894791,0.257660878447395
777,0.207354443309499,0.259908069458631
778,0.187946884576098,0.256026557711951
779,0.191113381001021,0.260623084780388
780,0.194586312563841,0.258631256384065
781,0.195301327885598,0.259805924412666
782,0.203779366700715,0.250817160367722
783,0.178243105209397,0.258988764044944
784,0.187231869254341,0.257711950970378
785,0.208784473953013,0.259141981613892
786,0.189989785495403,0.258069458631256
787,0.190398365679265,0.258682328907048
788,0.23758937691522,0.260776302349336
789,0.212768130745659,0.256945863125638
790,0.206945863125638,0.260878447395301
791,0.206537282941777,0.257048008171604
792,0.214811031664964,0.256843718079673
793,0.185291113381001,0.260367722165475
794,0.184065372829418,0.258580183861083
795,0.182635342185904,0.264811031664964
796,0.192339121552605,0.261797752808989
797,0.215730337078652,0.252553626149132
798,0.177425944841675,0.252604698672114
799,0.181307456588355,0.259346271705822
800,0.207763023493361,0.263329928498468
801,0.204902962206333,0.265474974463739
802,0.185801838610827,0.258018386108274
803,0.185597548518897,0.264555669050051
804,0.208682328907048,0.263636363636364
805,0.210010214504597,0.257201225740552
806,0.211746680286006,0.26241062308478
807,0.221450459652707,0.26220633299285
808,0.216445352400409,0.260112359550562
809,0.204596527068437,0.253319713993871
810,0.175995914198161,0.255311542390194
811,0.22829417773238,0.258631256384065
812,0.174974463738509,0.258631256384065
813,0.208273748723187,0.263534218590398
814,0.189274770173647,0.254290091930541
815,0.200817160367722,0.255771195097038
816,0.178549540347293,0.266138917262513
817,0.183350357507661,0.256486210418795
818,0.182737487231869,0.253524004085802
819,0.192849846782431,0.259039836567926
820,0.196220633299285,0.252042900919305
821,0.206026557711951,0.25949948927477
822,0.202962206332993,0.257711950970378
823,0.215832482124617,0.257048008171604
824,0.187538304392237,0.256741573033708
825,0.186925434116445,0.257763023493361
826,0.193258426966292,0.261184882533197
827,0.192951991828396,0.263483146067416
828,0.201430030643514,0.257711950970378
829,0.195812053115424,0.257763023493361
830,0.208375893769152,0.259601634320735
831,0.186925434116445,0.260112359550562
832,0.202451481103166,0.257814096016343
833,0.204800817160368,0.256639427987743
834,0.212053115423902,0.256026557711951
835,0.199897854954035,0.257252298263534
836,0.198978549540347,0.259346271705822
837,0.187538304392237,0.25582226762002
838,0.196935648621042,0.254596527068437
839,0.219713993871297,0.253830439223698
840,0.191011235955056,0.254545454545455
841,0.1829417773238,0.255975485188968
842,0.202860061287028,0.260163432073544
843,0.197242083758938,0.258937691521961
844,0.202042900919305,0.256741573033708
845,0.220224719101124,0.25097037793667
846,0.205209397344229,0.258784473953013
847,0.174668028600613,0.256332992849847
848,0.206026557711951,0.248672114402451
849,0.21685393258427,0.260623084780388
850,0.183963227783453,0.260674157303371
851,0.190602655771195,0.259039836567926
852,0.196629213483146,0.260827374872319
853,0.21511746680286,0.262614913176711
854,0.193871297242084,0.256741573033708
855,0.191215526046987,0.258273748723187
856,0.206332992849847,0.258733401430031
857,0.195709908069459,0.251430030643514
858,0.2,0.256894790602656
859,0.197752808988764,0.253932584269663
860,0.199591419816139,0.257201225740552
861,0.182635342185904,0.259448416751788
862,0.203268641470889,0.252196118488253
863,0.204290091930541,0.254136874361593
864,0.19438202247191,0.260674157303371
865,0.213483146067416,0.260163432073544
866,0.184780388151175,0.254902962206333
867,0.203575076608784,0.251991828396323
868,0.195812053115424,0.251378958120531
869,0.19805924412666,0.257916241062308
870,0.206128702757916,0.263738508682329
871,0.180081716036772,0.25755873340143
872,0.188355464759959,0.263074565883555
873,0.189274770173647,0.267671092951992
874,0.211031664964249,0.255056179775281
875,0.203268641470889,0.256128702757916
876,0.18120531154239,0.261848825331971
877,0.194688457609806,0.254494382022472
878,0.221859039836568,0.254494382022472
879,0.2,0.256537282941777
880,0.212359550561798,0.254954034729316
881,0.186414708886619,0.255005107252298
882,0.214300306435138,0.253064351378958
883,0.22247191011236,0.258733401430031
884,0.183043922369765,0.261899897854954
885,0.18488253319714,0.253217568947906
886,0.20561797752809,0.253983656792646
887,0.190398365679265,0.259039836567926
888,0.199489274770174,0.24729315628192
889,0.215219611848825,0.255107252298264
890,0.221246169560776,0.253268641470889
891,0.200817160367722,0.257916241062308
892,0.189274770173647,0.26026557711951
893,0.181818181818182,0.258937691521961
894,0.21144024514811,0.253983656792646
895,0.22073544433095,0.251991828396323
896,0.193564862104188,0.259244126659857
897,0.189581205311542,0.26220633299285
898,0.219611848825332,0.255107252298264
899,0.198569969356486,0.261899897854954
900,0.184065372829418,0.263789581205312
901,0.191521961184883,0.253983656792646
902,0.174872318692543,0.260572012257406
903,0.219816138917263,0.26026557711951
904,0.175280898876404,0.257354443309499
905,0.188968335035751,0.257507660878447
906,0.207048008171604,0.257711950970378
907,0.204902962206333,0.25194075587334
908,0.188355464759959,0.253728294177732
909,0.191419816138917,0.261031664964249
910,0.181920326864147,0.256128702757916
911,0.177017364657814,0.251889683350357
912,0.201123595505618,0.258478038815117
913,0.191828396322778,0.255464759959142
914,0.187742594484168,0.256435137895812
915,0.199284984678243,0.253064351378958
916,0.20194075587334,0.249284984678243
917,0.199284984678243,0.252757916241062
918,0.202247191011236,0.253524004085802
919,0.193667007150153,0.259652706843718
920,0.192645556690501,0.252553626149132
921,0.186312563840654,0.257048008171604
922,0.201021450459653,0.251583248212462
923,0.190296220633299,0.263432073544433
924,0.202247191011236,0.260520939734423
925,0.192747701736466,0.25755873340143
926,0.208682328907048,0.25194075587334
927,0.211746680286006,0.254443309499489
928,0.180081716036772,0.253370786516854
929,0.20561797752809,0.249387129724208
930,0.221450459652707,0.257916241062308
931,0.194279877425945,0.255515832482125
932,0.236772216547497,0.260418794688458
933,0.218896833503575,0.252298263534219
934,0.200408580183861,0.260418794688458
935,0.199284984678243,0.255515832482125
936,0.191215526046987,0.260418794688458
937,0.188355464759959,0.2585291113381
938,0.175178753830439,0.254443309499489
939,0.208784473953013,0.253728294177732
940,0.179877425944842,0.254239019407559
941,0.218896833503575,0.260112359550562
942,0.183043922369765,0.257099080694586
943,0.18661899897855,0.262002042900919
944,0.184984678243105,0.261082737487232
945,0.173544433094995,0.263840653728294
946,0.204902962206333,0.259090909090909
947,0.201532175689479,0.252553626149132
948,0.210418794688458,0.252604698672114
949,0.213483146067416,0.248621041879469
950,0.19438202247191,0.260367722165475
951,0.209090909090909,0.256690500510725
952,0.200204290091931,0.255720122574055
953,0.198876404494382,0.259397344228805
954,0.214708886618999,0.26338100102145
955,0.210112359550562,0.260112359550562
956,0.202451481103166,0.260520939734423
957,0.193667007150153,0.259550561797753
958,0.198672114402451,0.255975485188968
959,0.222982635342186,0.252400408580184
960,0.213483146067416,0.255209397344229
961,0.182328907048008,0.255873340143003
962,0.208069458631256,0.253268641470889
963,0.211950970377937,0.26046986721144
964,0.207150153217569,0.264300306435138
965,0.228804902962206,0.262563840653728
966,0.204596527068437,0.26026557711951
967,0.208171603677222,0.256332992849847
968,0.194688457609806,0.259244126659857
969,0.199182839632278,0.250715015321757
970,0.163636363636364,0.265526046986721
971,0.193462717058223,0.257507660878447
972,0.196629213483146,0.257354443309499
973,0.194075587334014,0.255771195097038
974,0.188661899897855,0.257303370786517
975,0.188457609805924,0.261899897854954
976,0.199897854954035,0.255873340143003
977,0.197548518896834,0.250612870275792
978,0.168641470888662,0.26144024514811
979,0.197854954034729,0.260316649642492
980,0.196629213483146,0.259397344228805
981,0.206537282941777,0.258426966292135
982,0.194892747701736,0.257507660878447
983,0.181716036772217,0.256639427987743
984,0.194484167517875,0.261082737487232
985,0.209908069458631,0.254545454545455
986,0.186108273748723,0.259550561797753
987,0.178447395301328,0.261389172625128
988,0.20367722165475,0.258733401430031
989,0.178038815117467,0.259039836567926
990,0.19417773237998,0.252196118488253
991,0.213993871297242,0.252860061287028
992,0.198161389172625,0.254902962206333
993,0.21144024514811,0.251532175689479
994,0.219407558733401,0.255260469867211
995,0.207865168539326,0.253983656792646
996,0.187334014300306,0.256179775280899
997,0.183656792645557,0.263074565883555
998,0.196629213483146,0.253370786516854
999,0.163738508682329,0.259397344228805
1000,0.179570990806946,0.26046986721144
