temp_mean,age_class,estimate,SE,CI_low,CI_high
2.1674418604651162,YOUNG,29.372824428994516,1.4947969811028745,26.443022346032883,32.30262651195615
2.199385695480474,YOUNG,29.310049505786587,1.4799188714034996,26.40940851783573,32.210690493737445
2.2313295304958314,YOUNG,29.247274582578658,1.4650555532514715,26.375765698205775,32.11878346695154
2.263273365511189,YOUNG,29.18449965937073,1.4502074814469026,26.342092995734802,32.026906323006656
2.2952172005265465,YOUNG,29.1217247361628,1.435375129132098,26.308389483063888,31.935059989261713
2.3271610355419043,YOUNG,29.05894981295487,1.4205589886985446,26.274654195105725,31.843245430804018
2.359104870557262,YOUNG,28.996174889746943,1.4057595727464576,26.240886127163886,31.75146365233
2.3910487055726195,YOUNG,28.933399966539014,1.3909774151003316,26.207084232942364,31.659715700135663
2.4229925405879773,YOUNG,28.870625043331085,1.3762130718841914,26.17324742243807,31.5680026642241
2.4549363756033347,YOUNG,28.807850120123156,1.3614671226605037,26.139374559708568,31.476325680537744
2.4868802106186925,YOUNG,28.745075196915227,1.3467401716369962,26.105464460506713,31.38468593332374
2.51882404563405,YOUNG,28.6823002737073,1.3320328489459434,26.07151588977325,31.293084657641348
2.5507678806494076,YOUNG,28.61952535049937,1.31734581200081,26.037527558977782,31.201523142020957
2.5827117156647654,YOUNG,28.55675042729144,1.302679746935495,26.00349812329787,31.11000273128501
2.614655550680123,YOUNG,28.49397550408351,1.288035370131816,25.969426178625152,31.01852482954187
2.6465993856954806,YOUNG,28.431200580875583,1.2734134298412705,25.935310258386693,30.927090903364473
2.678543220710838,YOUNG,28.368425657667654,1.2588147079075773,25.9011488301688,30.835702485166507
2.7104870557261957,YOUNG,28.305650734459725,1.2442400215969567,25.86694029212969,30.74436117678976
2.742430890741553,YOUNG,28.242875811251796,1.229690225543644,25.832682969186255,30.653068653317337
2.774374725756911,YOUNG,28.180100888043867,1.2151662138186636,25.798375108959288,30.561826667128447
2.8063185607722687,YOUNG,28.11732596483594,1.2006689221305014,25.764014877460156,30.47063705221172
2.838262395787626,YOUNG,28.05455104162801,1.1861993301669331,25.72960035450082,30.379501728755198
2.870206230802984,YOUNG,27.99177611842008,1.1717584640879566,25.695129528807687,30.288422708032474
2.9021500658183412,YOUNG,27.92900119521215,1.157347399180505,25.660600292818362,30.19740209760594
2.934093900833699,YOUNG,27.866226272004223,1.1429672626863892,25.626010437138902,30.106442106869544
2.9660377358490564,YOUNG,27.803451348796294,1.1286192368157568,25.591357644637412,30.015545052955176
2.997981570864414,YOUNG,27.740676425588365,1.1143045619592389,25.556639484148256,29.924713367028474
3.029925405879772,YOUNG,27.677901502380436,1.1000245401128954,25.52185340375916,29.833949601001713
3.0618692408951294,YOUNG,27.615126579172507,1.0857805385310741,25.4869967236516,29.743256434693414
3.093813075910487,YOUNG,27.55235165596458,1.0715739936233508,25.45206662846281,29.652636683466348
3.1257569109258445,YOUNG,27.48957673275665,1.0574064151128415,25.41706015913548,29.562093306377818
3.1577007459412023,YOUNG,27.42680180954872,1.04327939047434,25.381974204219013,29.47162941487843
3.1896445809565597,YOUNG,27.364026886340792,1.0291945896719707,25.34680549058373,29.381248282097854
3.2215884159719175,YOUNG,27.301251963132863,1.0151537702173146,25.311550573506928,29.290953352758798
3.2535322509872753,YOUNG,27.238477039924934,1.0011587825702903,25.276205826087164,29.200748253762704
3.2854760860026326,YOUNG,27.175702116717005,0.9872115759064263,25.24076742794041,29.110636805493602
3.3174199210179904,YOUNG,27.112927193509076,0.9733142042755254,25.205231353129047,29.020623033889105
3.3493637560333482,YOUNG,27.050152270301147,0.9594688331781157,25.169593357272042,28.930711183330253
3.3813075910487056,YOUNG,26.98737734709322,0.9456777465874283,25.13384896378186,28.84090573040458
3.413251426064063,YOUNG,26.92460242388529,0.9319433544459683,25.09799344917119,28.751211398599388
3.4451952610794208,YOUNG,26.86182750067736,0.9182682006669715,25.062021827370096,28.661633173984626
3.4771390960947786,YOUNG,26.799052577469432,0.904654971672149,25.02592883299202,28.572176321946845
3.509082931110136,YOUNG,26.736277654261503,0.8911065054980477,24.98970890348533,28.482846405037677
3.5410267661254937,YOUNG,26.673502731053574,0.8776258015040199,24.953356160105695,28.393649302001453
3.5729706011408515,YOUNG,26.610727807845645,0.8642160307151394,24.916864387643972,28.304591228047318
3.604914436156209,YOUNG,26.547952884637716,0.8508805468332873,24.880227012844472,28.21567875643096
3.6368582711715662,YOUNG,26.485177961429788,0.8376228979489656,24.843437081449814,28.12691884140976
3.668802106186924,YOUNG,26.42240303822186,0.824446838985,24.806487233811257,28.03831884263246
3.700745941202282,YOUNG,26.35962811501393,0.8113563449010056,24.76936967900796,27.9498865510199
3.732689776217639,YOUNG,26.296853191806,0.7983556246840794,24.732076167425205,27.861630216186796
3.764633611232997,YOUNG,26.234078268598072,0.785449136146396,24.694597961751136,27.77355857544501
3.796577446248355,YOUNG,26.171303345390143,0.7726416015439233,24.656925806364054,27.685680884416232
3.828521281263712,YOUNG,26.108528422182214,0.7599380240219749,24.619049895099145,27.598006949265283
3.8604651162790695,YOUNG,26.045753498974285,0.7473437048823751,24.58095983740483,27.51054716054374
3.8924089512944273,YOUNG,25.982978575766356,0.7348642616531516,24.54264462292618,27.423312528606534
3.924352786309785,YOUNG,25.920203652558428,0.7225056469243506,24.5040925845867,27.336314720530154
3.9562966213251425,YOUNG,25.8574287293505,0.7102741678921902,24.465291360281807,27.24956609841919
3.9882404563405003,YOUNG,25.79465380614257,0.6981765065276387,24.426227853348397,27.163079758936743
4.020184291355858,YOUNG,25.73187888293464,0.686219740253921,24.386888192036956,27.076869573832326
4.0521281263712154,YOUNG,25.669103959726712,0.6744113629796027,24.347257688286692,26.99095023116673
4.084071961386573,YOUNG,25.606329036518783,0.6627593062890013,24.30732079619234,26.905337276845227
4.116015796401931,YOUNG,25.543554113310854,0.6512719605388955,24.26706107065462,26.82004715596709
4.147959631417288,YOUNG,25.480779190102925,0.6399581955491321,24.226461126826628,26.735097253379223
4.179903466432646,YOUNG,25.418004266894997,0.6288273805041029,24.185502601106954,26.65050593268304
4.211847301448003,YOUNG,25.355229343687068,0.6178894026018154,24.14416611458751,26.566292572786626
4.243791136463361,YOUNG,25.29245442047914,0.6071546838973003,24.10243124004043,26.482477600917846
4.275734971478719,YOUNG,25.22967949727121,0.596634195687826,24.06027647372307,26.39908252081935
4.307678806494076,YOUNG,25.16690457406328,0.586339469679906,24.017679213490666,26.316129934635896
4.339622641509434,YOUNG,25.104129650855352,0.576282605064385,23.974615744929157,26.233643556781548
4.371566476524792,YOUNG,25.041354727647423,0.566476270509101,23.931061237449587,26.15164821784526
4.403510311540149,YOUNG,24.978579804439494,0.5569336999633191,23.88698975251139,26.0701698563676
4.435454146555507,YOUNG,24.915804881231566,0.5476686810605392,23.84237426635291,25.989235496110222
4.467397981570865,YOUNG,24.853029958023637,0.5386955348145878,23.797186709787045,25.90887320626023
4.499341816586222,YOUNG,24.790255034815708,0.5300290852383337,23.751398027748575,25.82911204188284
4.53128565160158,YOUNG,24.72748011160778,0.5216846174872524,23.704978261332766,25.749981961882792
4.563229486616937,YOUNG,24.66470518839985,0.513677823155607,23.65789665501486,25.67151372178484
4.595173321632295,YOUNG,24.60193026519192,0.5060247314467653,23.61012179155626,25.593738738827582
4.627117156647653,YOUNG,24.539155341983992,0.49874162511713904,23.5616217567544,25.516688927213586
4.65906099166301,YOUNG,24.476380418776063,0.49184494037046356,23.512364335649956,25.44039650190217
4.691004826678368,YOUNG,24.413605495568135,0.4853511502679176,23.462317241043017,25.364893750093252
4.722948661693725,YOUNG,24.350830572360206,0.4792766317270044,23.411448374175276,25.290212770545136
4.754892496709083,YOUNG,24.288055649152277,0.47363751680752697,23.359726116209522,25.21638518209503
4.786836331724441,YOUNG,24.225280725944348,0.46844952971525566,23.307119647702446,25.14344180418625
4.818780166739798,YOUNG,24.16250580273642,0.4637278117690526,23.253599291669076,25.071412313803762
4.850724001755156,YOUNG,24.09973087952849,0.45948673743712076,23.199136874151733,25.000324884905247
4.882667836770514,YOUNG,24.03695595632056,0.4557397254002894,23.143706094535993,24.93020581810513
4.914611671785871,YOUNG,23.974181033112632,0.452499049380304,23.08728289632724,24.861079169898026
4.946555506801229,YOUNG,23.911406109904703,0.4497756541066361,23.029845827855695,24.792966391953712
4.978499341816587,YOUNG,23.848631186696775,0.44757898221303005,22.971376381559235,24.725885991834314
5.010443176831943,YOUNG,23.785856263488846,0.44591681798904753,22.91185930023031,24.65985322674738
5.0423870118473015,YOUNG,23.723081340280917,0.4447951537134019,22.85128283900265,24.594879841559184
5.07433084686266,YOUNG,23.660306417072988,0.4442180837417655,22.789638972939127,24.53097386120685
5.106274681878016,YOUNG,23.59753149386506,0.44418773062108496,22.726923541847732,24.468139445882386
5.1382185168933745,YOUNG,23.53475657065713,0.44470420629924207,22.663136326310617,24.406376815003643
5.170162351908732,YOUNG,23.4719816474492,0.4457656100699045,22.59828105171219,24.345682243186214
5.202106186924089,YOUNG,23.409206724241272,0.44736806333999235,22.532365320094886,24.28604812838766
5.2340500219394475,YOUNG,23.346431801033344,0.44950577974813916,22.46540047272699,24.227463129339696
5.265993856954805,YOUNG,23.283656877825415,0.4521711677144129,22.397401389105166,24.169912366545663
5.297937691970162,YOUNG,23.220881954617486,0.4553549612689807,22.328386230530285,24.113377678704687
5.32988152698552,YOUNG,23.158107031409557,0.4590463740703764,22.25837613823162,24.057837924587496
5.361825362000878,YOUNG,23.095332108201628,0.4632332709303931,22.18739489717806,24.003269319225197
5.393769197016235,YOUNG,23.0325571849937,0.46790235092528437,22.115468577180142,23.949645792807257
5.425713032031593,YOUNG,22.96978226178577,0.4730393362721233,22.04262516269241,23.89693936087913
5.457656867046951,YOUNG,22.90700733857784,0.4786291615384084,21.96889418196256,23.84512049519312
5.489600702062308,YOUNG,22.844232415369913,0.4846561583679451,21.89430634496874,23.794158485771085
5.521544537077666,YOUNG,22.781457492161984,0.4911042316737004,21.818893198081533,23.744021786242435
5.553488372093023,YOUNG,22.718682568954055,0.49795702409593773,21.742686801726016,23.694678336182093
5.585432207108381,YOUNG,22.655907645746126,0.5051980663858237,21.66571943562991,23.64609585586234
5.617376042123738,YOUNG,22.593132722538197,0.5128109121969752,21.588023334632126,23.598242110444268
5.649319877139096,YOUNG,22.530357799330268,0.520779256510317,21.509630456570047,23.55108514209049
5.681263712154454,YOUNG,22.46758287612234,0.5290870375556457,21.430572282513275,23.504593469731404
5.713207547169811,YOUNG,22.40480795291441,0.5377185226140212,21.35087964859093,23.45873625723789
5.745151382185169,YOUNG,22.34203302970648,0.5466583784868099,21.270582607872335,23.41348345154063
5.777095217200527,YOUNG,22.279258106498553,0.5558917277062834,21.189710320194237,23.368805892802868
5.809039052215884,YOUNG,22.216483183290624,0.5654041917509555,21.10829096745875,23.324675399122498
5.840982887231242,YOUNG,22.153708260082695,0.5751819226311372,21.026351691725665,23.281064828439725
5.8729267222466,YOUNG,22.090933336874766,0.58521162424252815,20.94391855335941,23.237948120390122
5.904870557261957,YOUNG,22.028158413666837,0.595480564863649,20.861016506534085,23.19530032079959
5.936814392277315,YOUNG,21.96538349045891,0.6059765821109827,20.77766938952138,23.153097591396435
5.968758227292673,YOUNG,21.90260856725098,0.6166880815763451,20.693899927361343,23.111317207140615
6.000702062308029,YOUNG,21.83983364404305,0.6276040302647388,20.609729744724163,23.069937543361938
6.032645897323388,YOUNG,21.77705872083512,0.6387139458361617,20.525179386996246,23.028938054673997
6.064589732338746,YOUNG,21.714283797627193,0.6500078825379594,20.440268347852793,22.988299247401592
6.096533567354102,YOUNG,21.651508874419264,0.6614764146000895,20.35501510180309,22.948002647035437
6.128477402369461,YOUNG,21.588733951211335,0.6731106177573815,20.26943714040687,22.9080307620158
6.160421237384818,YOUNG,21.525959028003406,0.6849020494626101,20.18355101105669,22.868367044950123
6.192365072400175,YOUNG,21.463184104795477,0.6968427282631781,20.09737235739965,22.828995852191305
6.2243089074155336,YOUNG,21.40040918158755,0.7089251127328483,20.010915960631166,22.78990240254393
6.256252742430891,YOUNG,21.33763425837962,0.7211420802783038,19.924195781034143,22.751072735725096
6.288196577446248,YOUNG,21.27485933517169,0.7334869060779362,19.837224999258936,22.712493671084445
6.3201404124616065,YOUNG,21.21208441196376,0.7459532423565658,19.750016056944894,22.67415276698263
6.352084247476964,YOUNG,21.149309488755833,0.7585350981540597,19.662580696373876,22.63603828113779
6.384028082492321,YOUNG,21.086534565547904,0.7712268197072315,19.574929998921732,22.598139132174076
6.415971917507679,YOUNG,21.023759642339975,0.7840230715321446,19.48707442213697,22.56044486254298
6.447915752523037,YOUNG,20.960984719132046,0.7969188182672637,19.399023835328208,22.522945602935884
6.479859587538394,YOUNG,20.898209795924117,0.8099093073160177,19.310787553584724,22.48563203826351
6.5118034225537516,YOUNG,20.83543487271619,0.8229900523095993,19.222374370189375,22.448495375243002
6.54374725756911,YOUNG,20.77265994950826,0.8361568173966107,19.133792587410902,22.411527311605617
6.575691092584467,YOUNG,20.70988502630033,0.8494056023549211,19.045050045684686,22.374720006915975
6.6076349275998245,YOUNG,20.647110103092402,0.8627326285123622,18.95615415120817,22.338066054976633
6.639578762615182,YOUNG,20.584335179884473,0.8761343254562047,18.867111901990313,22.301558457778633
6.67152259763054,YOUNG,20.521560256676544,0.8896073185064154,18.77792991240397,22.26519060094912
6.7034664326458975,YOUNG,20.458785333468615,0.9031484169241376,18.688614436297307,22.228956230639923
6.735410267661255,YOUNG,20.396010410260686,0.9167546028244433,18.599171388724777,22.192849431796596
6.767354102676613,YOUNG,20.333235487052757,0.93042302076091,18.509606366361375,22.15686460774414
6.79929793769197,YOUNG,20.27046056384483,0.9441509679488422,18.419924666665096,22.12099646102456
6.831241772707328,YOUNG,20.2076856406369,0.9579358850937993,18.330131305853055,22.085239975420745
6.863185607722685,YOUNG,20.14491071742897,0.9717753477923649,18.240231035755937,22.049590399102005
6.895129442738043,YOUNG,20.082135794221042,0.9856670584727529,18.150228359614445,22.01404322882764
6.927073277753401,YOUNG,20.019360871013113,0.999608838843731,18.0601275468794,21.978594195146826
6.959017112768758,YOUNG,19.956585947805184,1.0135986228214404,17.96993264707516,21.943239248535207
6.990960947784116,YOUNG,19.893811024597255,1.0276344499049048,17.87964750278364,21.90797454641087
7.022904782799474,YOUNG,19.831036101389326,1.0417144589723315,17.789275761803555,21.872796440975097
7.054848617814831,YOUNG,19.768261178181397,1.0558368824716742,17.698820888536915,21.83770146782588
7.086792452830189,YOUNG,19.70548625497347,1.0700000409802877,17.608286174652104,21.802686335294833
7.118736287845547,YOUNG,19.64271133176554,1.0842023381098918,17.517674749070153,21.767747914460926
7.150680122860904,YOUNG,19.57993640855761,1.0984422557344198,17.426989587318147,21.732883229797075
7.182623957876261,YOUNG,19.517161485349682,1.1127183495196395,17.336233520291188,21.698089450408176
7.21456779289162,YOUNG,19.454386562141753,1.1270292447347265,17.24540924246169,21.663363881821816
7.246511627906977,YOUNG,19.391611638933824,1.141373632327193,17.154519319572525,21.628703958295123
2.1674418604651162,OLD,27.415225512853876,1.4805668745197667,24.513314438795135,30.317136586912618
2.199385695480474,OLD,27.349069339427746,1.4658413192740392,24.47602035365063,30.222118325204864
2.2313295304958314,OLD,27.282913166001613,1.4511302219585778,24.4386979309628,30.127128401040427
2.263273365511189,OLD,27.216756992575483,1.436434026781849,24.40134630008306,30.032167685067908
2.2952172005265465,OLD,27.150600819149354,1.4217531958594487,24.363964555264836,29.93723708303387
2.3271610355419043,OLD,27.084444645723224,1.4070882100995177,24.326551753928168,29.84233753751828
2.359104870557262,OLD,27.018288472297094,1.3924395701394883,24.289106914823698,29.74747002977049
2.3910487055726195,OLD,26.95213229887096,1.3778077973375293,24.251629016089403,29.652635581652518
2.4229925405879773,OLD,26.88597612544483,1.3631934348222983,24.214116993193127,29.557835257696535
2.4549363756033347,OLD,26.8198199520187,1.3485970486048857,24.176569736753123,29.46307016728428
2.4868802106186925,OLD,26.75366377859257,1.334019228757094,24.138986090228666,29.368341466956476
2.51882404563405,OLD,26.68750760516644,1.3194605906605192,24.101364847471825,29.27365036286106
2.5507678806494076,OLD,26.621351431740308,1.3049217763312142,24.06370475013113,29.178998113349486
2.5827117156647654,OLD,26.55519525831418,1.2904034558250714,24.026004484897037,29.08438603173132
2.614655550680123,OLD,26.48903908488805,1.2759063287294388,23.988262680578348,28.98981548919775
2.6465993856954806,OLD,26.42288291146192,1.2614311257468849,23.950477904998024,28.895287917925813
2.678543220710838,OLD,26.35672673803579,1.2469786103774765,23.912648661695936,28.800804814375642
2.7104870557261957,OLD,26.290570564609656,1.2325495807063918,23.874773386425126,28.706367742794185
2.742430890741553,OLD,26.224414391183526,1.218144871304203,23.836850443427288,28.611978338939764
2.774374725756911,OLD,26.158258217757396,1.203765355247706,23.798878121471894,28.517638314042898
2.8063185607722687,OLD,26.092102044331266,1.1894119462697557,23.760854629642544,28.423349459019988
2.838262395787626,OLD,26.025945870905137,1.175085601047197,23.72277809285263,28.329113648957645
2.870206230802984,OLD,25.959789697479003,1.1607873216366411,23.684646547071186,28.23493284788682
2.9021500658183412,OLD,25.893633524052873,1.146518158068573,23.64645793423847,28.140809113867277
2.934093900833699,OLD,25.827477350626744,1.1322792111110271,23.60821009684913,28.046744604404356
2.9660377358490564,OLD,25.761321177200614,1.1180716352149078,23.569900772179395,27.952741582221833
2.997981570864414,OLD,25.695165003774484,1.10389664165389,23.53152758613286,27.858802421416108
3.029925405879772,OLD,25.62900883034835,1.0897555018727851,23.49308804667769,27.76492961401901
3.0618692408951294,OLD,25.56285265692222,1.0756495510592412,23.454579536846108,27.671125776998334
3.093813075910487,OLD,25.49669648349609,1.061580191954691,23.415999307264897,27.577393659727285
3.1257569109258445,OLD,25.43054031006996,1.0475488989215929,23.37734446818364,27.483736151956283
3.1577007459412023,OLD,25.36438413664383,1.03355722228515,23.338611980964938,27.390156292322725
3.1896445809565597,OLD,25.2982279632177,1.019606792968946,23.299798648998564,27.296657277436832
3.2215884159719175,OLD,25.23207178979157,1.0056993274451937,23.26090110799899,27.203242471584147
3.2535322509872753,OLD,25.16591561636544,0.991836633021629,23.221915815643047,27.10991541708783
3.2854760860026326,OLD,25.09975944293931,0.9780206134884474,23.182839040501953,27.016679845376665
3.3174199210179904,OLD,25.03360326951318,0.9642532751500651,23.143666850219052,26.923539688807306
3.3493637560333482,OLD,24.967447096087046,0.9505367332678977,23.104395098881966,26.830499093292126
3.3813075910487056,OLD,24.901290922660916,0.9368732189417396,23.065019413535108,26.737562431786724
3.413251426064063,OLD,24.835134749234786,0.9232650864586931,23.025535179775748,26.644734318693825
3.4451952610794208,OLD,24.768978575808656,0.9097148211398836,22.985937526374485,26.552019625242828
3.4771390960947786,OLD,24.702822402382527,0.8962250477163833,22.946221308858416,26.459423495906638
3.509082931110136,OLD,24.636666228956393,0.8827985392667841,22.906381091993495,26.36695136591929
3.5410267661254937,OLD,24.570510055530264,0.8694382267496482,22.866411131100953,26.274608979959574
3.5729706011408515,OLD,24.504353882104134,0.8561472091645507,22.826305352141613,26.182402412066654
3.604914436156209,OLD,24.438197708678004,0.8429287643754932,22.786057330502036,26.090338086853972
3.6368582711715662,OLD,24.372041535251874,0.8297863606300202,22.745660268417033,25.998422802086715
3.668802106186924,OLD,24.30588536182574,0.8167236688062266,22.705106970965538,25.906663752685944
3.700745941202282,OLD,24.23972918839961,0.8037445754178766,22.664389820580574,25.815068556218648
3.732689776217639,OLD,24.17357301497348,0.7908531964048028,22.623500750020067,25.723645279926895
3.764633611232997,OLD,24.10741684154735,0.7780538917314118,22.582431213753786,25.632402469340917
3.796577446248355,OLD,24.04126066812122,0.7653512808101703,22.54117215773329,25.541349178509154
3.828521281263712,OLD,23.97510449469509,0.752750258759047,22.499713987527358,25.45049500186282
3.8604651162790695,OLD,23.90894832126896,0.7402560134916344,22.458046534825357,25.35985010771256
3.8924089512944273,OLD,23.84279214784283,0.727874043625621,22.41615902233661,25.269425273349047
3.924352786309785,OLD,23.7766359744167,0.7156101771788668,22.37404002714612,25.17923192168728
3.9562966213251425,OLD,23.71047980099057,0.7034705910019954,22.33167744262666,25.08928215935448
3.9882404563405003,OLD,23.644323627564436,0.6914618308714483,22.289058439056397,24.999588816072475
4.020184291355858,OLD,23.578167454138306,0.6795908321366356,22.2461694231505,24.91016548512611
4.0521281263712154,OLD,23.512011280712176,0.6678649407783772,22.20299599678656,24.821026564637794
4.084071961386573,OLD,23.445855107286047,0.6562919346924179,22.159522915288907,24.732187299283186
4.116015796401931,OLD,23.379698933859917,0.6448800449606106,22.11573404573712,24.643663821982713
4.147959631417288,OLD,23.313542760433783,0.6336379768125902,22.071612325881105,24.55547319498646
4.179903466432646,OLD,23.247386587007654,0.6225749299117151,22.027139724380692,24.467633449634615
4.211847301448003,OLD,23.181230413581524,0.611700617520264,21.982297203241806,24.38016362392124
4.243791136463361,OLD,23.115074240155394,0.6010252840101141,21.93706468349557,24.293083796815218
4.275734971478719,OLD,23.048918066729264,0.5905597200866951,21.89142101535934,24.206415118099187
4.307678806494076,OLD,22.98276189330313,0.5803152749867815,21.84534395432904,24.120179832277223
4.339622641509434,OLD,22.916605719877,0.5703038647964461,21.798810144875965,24.034401294878037
4.371566476524792,OLD,22.85044954645087,0.5605379759170765,21.7517951136534,23.949103979248342
4.403510311540149,OLD,22.78429337302474,0.5510306625890562,21.704273274350193,23.86431347169929
4.435454146555507,OLD,22.71813719959861,0.5417955372704045,21.656217946548615,23.7800564526486
4.467397981570865,OLD,22.65198102617248,0.532846752569244,21.60760139113676,23.696360661208196
4.499341816586222,OLD,22.58582485274635,0.5241989733543201,21.55839486497188,23.613254840520817
4.53128565160158,OLD,22.51966867932022,0.5158673376290924,21.5085686975672,23.53076866107324
4.563229486616937,OLD,22.45351250589409,0.5078674047662479,21.458092392552242,23.448932619235936
4.595173321632295,OLD,22.387356332467956,0.5002150897765388,21.40693475650594,23.36777790842997
4.627117156647653,OLD,22.321200159041826,0.492926582445062,21.355064057449503,23.28733626063415
4.65906099166301,OLD,22.255043985615696,0.4860182504252874,21.30244821478213,23.20763975644926
4.691004826678368,OLD,22.188887812189567,0.47950652574977226,21.249055021720014,23.12872060265912
4.722948661693725,OLD,22.122731638763437,0.473407774705325,21.194852400341,23.050610877185875
4.754892496709083,OLD,22.056575465337303,0.4677381516307488,21.139808688141034,22.973342242533572
4.786836331724441,OLD,21.990419291911174,0.4625134379184263,21.083892953591057,22.89694563023129
4.818780166739798,OLD,21.924263118485044,0.45774886831533024,21.027075336586996,22.82145090038309
4.850724001755156,OLD,21.858106945058914,0.4534589474886123,20.969327407981233,22.746886482136595
4.882667836770514,OLD,21.791950771632784,0.449657260694927,20.910622540670726,22.673279002594843
4.914611671785871,OLD,21.72579459820665,0.44635628320717297,20.850936283120593,22.60065291329271
4.946555506801229,OLD,21.65963842478052,0.44356719383431575,20.790246724865263,22.52903012469578
4.978499341816587,OLD,21.59348225135439,0.4412996983437081,20.728534842600723,22.45842966010806
5.010443176831943,OLD,21.52732607792826,0.43956186879109194,20.665784815097723,22.3888673407588
5.0423870118473015,OLD,21.461169904502132,0.43836000462708435,20.601984295433045,22.32035551357122
5.07433084686266,OLD,21.395013731076,0.43769852095120065,20.537124630011647,22.25290283214035
5.106274681878016,OLD,21.32885755764987,0.4375798684283258,20.47120101553035,22.186514099769386
5.1382185168933745,OLD,21.26270138422374,0.43800448820680377,20.404212587338403,22.121190181109075
5.170162351908732,OLD,21.19654521079761,0.4389708037552478,20.336162435437323,22.056927986157895
5.202106186924089,OLD,21.13038903737148,0.44047524996805815,20.267057547434085,21.993720527308874
5.2340500219394475,OLD,21.064232863945346,0.4425123382957693,20.196908680885638,21.931557047005054
5.265993856954805,OLD,20.998076690519216,0.44507475515718303,20.12573017041114,21.870423210627294
5.297937691970162,OLD,20.931920517093086,0.44815348959606954,20.05353967748479,21.810301356701384
5.32988152698552,OLD,20.865764343666957,0.45173798514261926,19.980357892787424,21.75117079454649
5.361825362000878,OLD,20.799608170240827,0.45581631018312985,19.906208202281892,21.69300813819976
5.393769197016235,OLD,20.733451996814694,0.46037534084905557,19.831116328750543,21.635787664878844
5.425713032031593,OLD,20.667295823388564,0.4654009504926649,19.755109960422942,21.579481686354185
5.457656867046951,OLD,20.601139649962434,0.470878200176796,19.678218377615913,21.524060922308955
5.489600702062308,OLD,20.534983476536304,0.47679152520642865,19.600472087131703,21.469494865940906
5.521544537077666,OLD,20.468827303110174,0.4831249134957514,19.521902472658503,21.415752133561845
5.553488372093023,OLD,20.40267112968404,0.4898620724209549,19.44254146773897,21.362800791629112
5.585432207108381,OLD,20.33651495625791,0.49698658168757387,19.362421256150267,21.310608656365556
5.617376042123738,OLD,20.27035878283178,0.5044820305849526,19.281574002885275,21.259143562778288
5.649319877139096,OLD,20.20420260940565,0.512332138766841,19.200031617422642,21.20837360138866
5.681263712154454,OLD,20.138046435979522,0.52052086035851175,19.117825549676837,21.158267322282207
5.713207547169811,OLD,20.07189026255339,0.5290324717330644,19.034986617956584,21.108793907150194
5.745151382185169,OLD,20.00573408912726,0.537851643719992,18.951544867436073,21.059923310818444
5.777095217200527,OLD,19.93957791570113,0.5469634993135004,18.86752945704667,21.01162637435559
5.809039052215884,OLD,19.873421742275,0.5563536581482258,18.782968572304476,20.963874912245522
5.840982887231242,OLD,19.80726556884887,0.5660082691208912,18.697889361371924,20.916641776325815
5.8729267222466,OLD,19.741109395422736,0.5759140325744915,18.612317891576733,20.86990089926874
5.904870557261957,OLD,19.674953221996606,0.5860582134428873,18.526279123648546,20.823627320344666
5.936814392277315,OLD,19.608797048570477,0.5964286466931279,18.439796901051945,20.777797196089008
5.968758227292673,OLD,19.542640875144347,0.6070137363134332,18.352893951970017,20.732387798318676
6.000702062308029,OLD,19.476484701718217,0.6178024489874276,18.26559190170286,20.687377501733575
6.032645897323388,OLD,19.410328528292084,0.6287843034787075,18.177911293473816,20.64274576311035
6.064589732338746,OLD,19.344172354865954,0.639949356630831,18.089871615869527,20.59847309386238
6.096533567354102,OLD,19.278016181439824,0.6512881867713374,18.001491335368,20.554541027511647
6.128477402369461,OLD,19.211860008013694,0.6627918751978252,17.912787932625957,20.510932083401432
6.160421237384818,OLD,19.145703834587565,0.6744519863216901,17.82377794139705,20.46762972777808
6.192365072400175,OLD,19.07954766116143,0.68626054695208,17.734476989135356,20.424618333187507
6.2243089074155336,OLD,19.0133914877353,0.6982100251194724,17.644899838501136,20.381883136969467
6.256252742430891,OLD,18.94723531430917,0.7102933087650277,17.555060429129718,20.339410199488626
6.288196577446248,OLD,18.881079140883042,0.7225036845581333,17.4649719191491,20.297186362616984
6.3201404124616065,OLD,18.814922967456912,0.7348348170496943,17.37464672603951,20.255199208874313
6.352084247476964,OLD,18.74876679403078,0.7472807283220324,17.284096566519594,20.213437021541964
6.384028082492321,OLD,18.68261062060465,0.759835778256873,17.193332495221178,20.17188874598812
6.415971917507679,OLD,18.61645444717852,0.7724946455099992,17.10236494197892,20.13054395237812
6.447915752523037,OLD,18.55029827375239,0.7852523092539635,17.011203747614623,20.089392799890156
6.479859587538394,OLD,18.48414210032626,0.7981040317279544,16.91985819813947,20.04842600251305
6.5118034225537516,OLD,18.417985926900126,0.8110453416158804,16.828337057333002,20.00763479646725
6.54374725756911,OLD,18.351829753473996,0.8240720182592635,16.73664859768584,19.967010909262154
6.575691092584467,OLD,18.285673580047867,0.837180076700134,16.644800629715604,19.92654653038013
6.6076349275998245,OLD,18.219517406621737,0.8503657535402396,16.552800529682866,19.886234283560608
6.639578762615182,OLD,18.153361233195607,0.8636254935961233,16.460655265747206,19.846067200644008
6.67152259763054,OLD,18.087205059769474,0.8769559373246226,16.368371422613215,19.806038696925732
6.7034664326458975,OLD,18.021048886343344,0.8903539089897553,16.275955224723425,19.766142547963263
6.735410267661255,OLD,17.954892712917214,0.9038164055395534,16.18341255805969,19.72637286777474
6.767354102676613,OLD,17.888736539491084,0.9173405861599122,16.090748990617655,19.686724088364514
6.79929793769197,OLD,17.822580366064955,0.9309237624718009,15.997969791620225,19.647190940509685
6.831241772707328,OLD,17.75642419263882,0.9445633893380413,15.90507994953626,19.60776843574138
6.863185607722685,OLD,17.69026801921269,0.9582570562461583,15.812084188970221,19.568451849455162
6.895129442738043,OLD,17.62411184578656,0.9720024792344973,15.718986986486946,19.529236705086177
6.927073277753401,OLD,17.557955672360432,0.9857974933297083,15.625792585434203,19.49011875928666
6.959017112768758,OLD,17.491799498934302,0.9996400454648333,15.532505009823229,19.451093988045375
6.990960947784116,OLD,17.42564332550817,1.0135281878484699,15.439128077325169,19.41215857369117
7.022904782799474,OLD,17.35948715208204,1.0274600717568267,15.34566541143866,19.37330889272542
7.054848617814831,OLD,17.29333097865591,1.0414339417218712,15.25212045288104,19.334541504430778
7.086792452830189,OLD,17.22717480522978,1.05544813009017,15.158496470253047,19.29585314020651
7.118736287845547,OLD,17.16101863180365,1.0695010519284163,15.064796570023955,19.257240693583345
7.150680122860904,OLD,17.094862458377516,1.0835912002530348,14.971023705881567,19.218701210873466
7.182623957876261,OLD,17.028706284951387,1.0977171415625735,14.877180687488742,19.18023188241403
7.21456779289162,OLD,16.962550111525257,1.1118775116529127,14.783270188685549,19.141830034364965
7.246511627906977,OLD,16.896393938099127,1.126071011696558,14.689294755173874,19.103493121024382
