sample,component,term,beta,SE,z,p,CI_low,CI_high
1982-2019,location_logit,(Intercept),0.2495896951914669,0.06927422027382293,3.6029231971850986,3.146585230214716e-4,0.11381222345477396,0.38536716692815987
1982-2019,location_logit,rel_LD,-0.05313920885647748,0.005986588360214136,-8.876375935521434,6.907410196257167e-19,-0.06487292204249719,-0.04140549567045777
1982-2019,location_logit,age_classOLD,0.1059184789328072,0.03848366154792086,2.752297330151778,0.0059178763802002834,0.030490502298882324,0.18134645556673207
1982-2019,location_logit,temp_mean_c,-0.24159115657358693,0.06548489206515558,-3.6892655535449412,2.249023731882622e-4,-0.36994154502129184,-0.11324076812588199
1982-2019,location_logit,year_c,0.001365592063827157,0.006320917479651945,0.21604333045372268,0.8289539722004358,-0.011023406196290653,0.013754590323944969
1982-2019,location_logit,rel_LD:age_classOLD,-0.018733595830845037,0.007494145315894967,-2.4997641547077247,0.012427601023702424,-0.03342212064999917,-0.0040450710116909025
1982-2019,precision_log_phi,(Intercept),-0.12458301973719486,0.041474115891329176,-3.003874032266977,0.002665656671336449,-0.20587228688420006,-0.04329375259018968
1982-2019,precision_log_phi,rel_LD,-0.02359049269662837,0.004308438121613186,-5.475416387736237,4.3648402366509354e-8,-0.032035031414990214,-0.015145953978266527
1982-2019,precision_log_phi,temp_mean_c,0.054496314936367855,0.022094112794357114,2.4665536671961923,0.013642028385850114,0.011191853859427912,0.0978007760133078
1982-2019,precision_log_phi,year_c,0.0033020069837969078,0.002264489791257466,1.4581681915922045,0.1447941890064533,-0.0011363930070677256,0.007740406974661541
1982-2019,precision_log_phi,age_classOLD,0.09765033903713813,0.046236373039522737,2.1119809495798223,0.0346880833208681,0.007027047879673565,0.1882736301946027
1981-2019,location_logit,(Intercept),0.258941806659677,0.0691357120132811,3.7454131753200683,1.8009712667918634e-4,0.12343581111364602,0.39444780220570796
1981-2019,location_logit,rel_LD,-0.05348648003963921,0.0059565969711098884,-8.979368639351323,2.7232490929586096e-19,-0.0651614101030146,-0.04181154997626383
1981-2019,location_logit,age_classOLD,0.10452645773357691,0.038361672483084024,2.7247627897263587,0.006434769961877533,0.029337579666732228,0.1797153358004216
1981-2019,location_logit,temp_mean_c,-0.2502483897831656,0.06542462656137424,-3.824987668036743,1.30778632585999e-4,-0.3784806578434591,-0.1220161217228721
1981-2019,location_logit,year_c,-3.6893378161465094e-05,0.006254818787609815,-0.005898392809484309,0.9952937907327617,-0.012296338201876702,0.01222255144555377
1981-2019,location_logit,rel_LD:age_classOLD,-0.01858794346891088,0.0074632826453427704,-2.4905854906232325,0.012753281003591977,-0.033215977453782713,-0.003959909484039051
1981-2019,precision_log_phi,(Intercept),-0.12929292664412428,0.04130692143705179,-3.1300547740202727,0.001747737113788298,-0.21025449266074578,-0.04833136062750279
1981-2019,precision_log_phi,rel_LD,-0.022865112506962083,0.004293209643363407,-5.32587840016333,1.00466328330371e-7,-0.03127980340795436,-0.014450421605969805
1981-2019,precision_log_phi,temp_mean_c,0.050880350845729005,0.02204577458634781,2.30794117242029,0.021002408666832124,0.007670632656487299,0.09409006903497072
1981-2019,precision_log_phi,year_c,0.0025573548057367256,0.002247160420401704,1.1380383805796876,0.2551044562710944,-0.001847079618250614,0.006961789229724066
1981-2019,precision_log_phi,age_classOLD,0.10786808616946711,0.046085289978864775,2.340618583911192,0.019251823561093655,0.017540917810892148,0.19819525452804207
