"window","component","estimate","SE","lower95","upper95","interval_type","temperature_SD","estimate_per_annual_SD","lower95_per_annual_SD","upper95_per_annual_SD"
"main","Clutch mean (eggs / C)",0.0963075729195515,0.0256930822667644,0.0449169328482759,0.146029364293226,"95% posterior credible interval",1.0604565579092,0.102129997278856,0.0476324560001211,0.154857797012062
"main","Clutch log residual SD (/ C)",0.0074483945527196,0.0213086535625638,-0.0337110127903973,0.0499199704147586,"95% posterior credible interval",1.0604565579092,0.00789869884932663,-0.0357490645873376,0.0529379599969638
"april","Clutch mean (eggs / C)",0.0728645630355938,0.0242846297757748,0.0256541729399788,0.121122307792628,"95% posterior credible interval",1.2092214640888,0.0881093935940914,0.0310215765624684,0.146463694362816
"april","Clutch log residual SD (/ C)",0.00846928430964409,0.0181980320761874,-0.029465914645708,0.042158064145209,"95% posterior credible interval",1.2092214640888,0.0102412403726921,-0.0356308164485987,0.0509784360488192
"short","Clutch mean (eggs / C)",0.0774643623235454,0.0215235479152807,0.0354514583867799,0.118888907465826,"95% posterior credible interval",1.26482565997546,0.0979789132004564,0.0448399142511514,0.150373740849225
"short","Clutch log residual SD (/ C)",0.0164136831157673,0.0174464845900598,-0.0200322439233788,0.0511471831590245,"95% posterior credible interval",1.26482565997546,0.0207604475795284,-0.025337296141177,0.0646922696949988
"long","Clutch mean (eggs / C)",0.080012731070605,0.0221045861266944,0.0361064967132076,0.123988985206473,"95% posterior credible interval",1.19633155966201,0.0957217553545137,0.0431953415268428,0.14833193605297
"long","Clutch log residual SD (/ C)",-0.00680414963855607,0.0177781295923513,-0.0418880683842132,0.0299302084535803,"95% posterior credible interval",1.19633155966201,-0.00814001894926747,-0.0501120181813147,0.0358064529602808
"main","Fledging mean (logit / C)",-0.250248389783166,0.0654246265613742,-0.378478301545442,-0.12201847802089,"95% Wald confidence interval",1.08645179413868,-0.271882812060235,-0.411198429756604,-0.132567194363866
"main","Fledging precision (log phi / C)",0.050880350845729,0.0220457745863478,0.0076714266451989,0.0940892750462591,"95% Wald confidence interval",1.08645179413868,0.0552790484627475,0.00833463524227958,0.102223461683215
"april","Fledging mean (logit / C)",-0.186009443756181,0.0613133823907985,-0.306181465012478,-0.0658374224998834,"95% Wald confidence interval",1.23697622357417,-0.230089259286652,-0.378739192319541,-0.0814393262537627
"april","Fledging precision (log phi / C)",0.0360297042848829,0.0196015459559763,-0.00238861983013746,0.0744480283999032,"95% Wald confidence interval",1.23697622357417,0.0445678875428085,-0.00295466593703781,0.0920904410226547
"short","Fledging mean (logit / C)",-0.157936055221281,0.0580766246487016,-0.271764147876388,-0.0441079625661752,"95% Wald confidence interval",1.30778814558785,-0.2065469007793,-0.355409930988525,-0.0576838705700767
"short","Fledging precision (log phi / C)",0.0326839469917851,0.0199959995044447,-0.00650749187180726,0.0718753858553774,"95% Wald confidence interval",1.30778814558785,0.0427436784268783,-0.00851042072745885,0.0939977775812154
"long","Fledging mean (logit / C)",-0.186737682488184,0.0562275084449886,-0.296941573980784,-0.0765337909955849,"95% Wald confidence interval",1.22144346788717,-0.22808952248358,-0.362697345882963,-0.093481699084199
"long","Fledging precision (log phi / C)",0.0686192046931765,0.0176147066327642,0.0340950140947199,0.103143395291633,"95% Wald confidence interval",1.22144346788717,0.083814479344093,0.0416451322535166,0.125983826434669
