year,n_broods,median_LD,p05_lay_from_may,season_index,bdate,p05_lay_calendar
1980,115,31,21,1,1980-06-01,1980-05-22
1981,217,24,20,2,1981-05-25,1981-05-21
1982,238,27,22,3,1982-05-28,1982-05-23
1983,190,23,19,4,1983-05-24,1983-05-20
1984,190,24,20,5,1984-05-25,1984-05-21
1985,185,27,21,6,1985-05-28,1985-05-22
1986,245,27,20,7,1986-05-28,1986-05-21
1987,231,36,26,8,1987-06-06,1987-05-27
1988,210,24,18,9,1988-05-25,1988-05-19
1989,274,23,18,10,1989-05-24,1989-05-19
1990,243,19,13,11,1990-05-20,1990-05-14
1991,243,26,19,12,1991-05-27,1991-05-20
1992,159,23,17,13,1992-05-24,1992-05-18
1993,244,16,11,14,1993-05-17,1993-05-12
1994,234,19,13,15,1994-05-20,1994-05-14
1995,321,29,23,16,1995-05-30,1995-05-24
1996,279,33,26,17,1996-06-03,1996-05-27
1997,174,28,19,18,1997-05-29,1997-05-20
1998,272,20,15,19,1998-05-21,1998-05-16
1999,304,24,20.15,20,1999-05-25,1999-05-21
2000,384,17,11,21,2000-05-18,2000-05-12
2001,338,20,15,22,2001-05-21,2001-05-16
2002,414,17,13,23,2002-05-18,2002-05-14
2003,350,21.5,15,24,2003-05-23,2003-05-16
2004,340,18,13,25,2004-05-19,2004-05-14
2005,385,25,17,26,2005-05-26,2005-05-18
2006,198,24,15,27,2006-05-25,2006-05-16
2007,259,21,14.9,28,2007-05-22,2007-05-15
2008,351,17,10,29,2008-05-18,2008-05-11
2009,436,19,12,30,2009-05-20,2009-05-13
2010,410,23,19,31,2010-05-24,2010-05-20
2011,424,21,15,32,2011-05-22,2011-05-16
2012,625,18,14,33,2012-05-19,2012-05-15
2013,851,21,17,34,2013-05-22,2013-05-18
2014,947,18,14,35,2014-05-19,2014-05-15
2015,581,23,16,36,2015-05-24,2015-05-17
2016,594,18,11,37,2016-05-19,2016-05-12
2017,358,22,19,38,2017-05-23,2017-05-20
2018,443,15,11.100000000000001,39,2018-05-16,2018-05-12
2019,277,20,13,40,2019-05-21,2019-05-14
2021,223,22,18.1,41,2021-05-23,2021-05-19
2022,97,18,13,42,2022-05-19,2022-05-14
2023,157,18,15,43,2023-05-19,2023-05-16
2024,89,16,14,44,2024-05-17,2024-05-15
2025,198,16,11,45,2025-05-17,2025-05-12
