year,n_broods,median_LD,p05_lay_from_may,season_index,bdate,p05_lay_calendar,year_c,temp_main
1980,115,31,21,1,1980-06-01,1980-05-22,-22.111111111111086,3.563265306122449
1981,217,24,20,2,1981-05-25,1981-05-21,-21.111111111111086,4.428571428571429
1982,238,27,22,3,1982-05-28,1982-05-23,-20.111111111111086,4.146938775510204
1983,190,23,19,4,1983-05-24,1983-05-20,-19.111111111111086,4.848979591836734
1984,190,24,20,5,1984-05-25,1984-05-21,-18.111111111111086,4.589795918367347
1985,185,27,21,6,1985-05-28,1985-05-22,-17.111111111111086,2.877551020408163
1986,245,27,20,7,1986-05-28,1986-05-21,-16.111111111111086,4.134693877551021
1987,231,36,26,8,1987-06-06,1987-05-27,-15.111111111111086,3.5428571428571427
1988,210,24,18,9,1988-05-25,1988-05-19,-14.111111111111086,4.283673469387756
1989,274,23,18,10,1989-05-24,1989-05-19,-13.111111111111086,5.597959183673469
1990,243,19,13,11,1990-05-20,1990-05-14,-12.111111111111086,7.685714285714286
1991,243,26,19,12,1991-05-27,1991-05-20,-11.111111111111086,5.077551020408164
1992,159,23,17,13,1992-05-24,1992-05-18,-10.111111111111086,4.3612244897959185
1993,244,16,11,14,1993-05-17,1993-05-12,-9.111111111111086,6.314285714285714
1994,234,19,13,15,1994-05-20,1994-05-14,-8.111111111111086,5.642857142857143
1995,321,29,23,16,1995-05-30,1995-05-24,-7.111111111111086,4.716326530612244
1996,279,33,26,17,1996-06-03,1996-05-27,-6.111111111111086,4.36734693877551
1997,174,28,19,18,1997-05-29,1997-05-20,-5.111111111111086,4.257142857142857
1998,272,20,15,19,1998-05-21,1998-05-16,-4.111111111111086,5.330612244897959
1999,304,24,20.15,20,1999-05-25,1999-05-21,-3.111111111111086,5.438775510204081
2000,384,17,11,21,2000-05-18,2000-05-12,-2.111111111111086,6.624489795918367
2001,338,20,15,22,2001-05-21,2001-05-16,-1.1111111111110858,5.277551020408163
2002,414,17,13,23,2002-05-18,2002-05-14,-0.11111111111108585,6.206122448979592
2003,350,21.5,15,24,2003-05-23,2003-05-16,0.8888888888889142,4.716326530612244
2004,340,18,13,25,2004-05-19,2004-05-14,1.8888888888889142,6.224489795918367
2005,385,25,17,26,2005-05-26,2005-05-18,2.888888888888914,5.281632653061225
2006,198,24,15,27,2006-05-25,2006-05-16,3.888888888888914,5.634693877551021
2007,259,21,14.9,28,2007-05-22,2007-05-15,4.888888888888914,6.387755102040816
2008,351,17,10,29,2008-05-18,2008-05-11,5.888888888888914,6.704081632653061
2009,436,19,12,30,2009-05-20,2009-05-13,6.888888888888914,6.461224489795919
2010,410,23,19,31,2010-05-24,2010-05-20,7.888888888888914,4.443877551020408
2011,424,21,15,32,2011-05-22,2011-05-16,8.888888888888914,6.101020408163265
2012,625,18,14,33,2012-05-19,2012-05-15,9.888888888888914,5.292857142857143
2013,851,21,17,34,2013-05-22,2013-05-18,10.888888888888914,4.336734693877551
2014,947,18,14,35,2014-05-19,2014-05-15,11.888888888888914,6.481632653061224
2015,581,23,16,36,2015-05-24,2015-05-17,12.888888888888914,6.128571428571428
2016,594,18,11,37,2016-05-19,2016-05-12,13.888888888888914,7.040816326530612
2017,358,22,19,38,2017-05-23,2017-05-20,14.888888888888914,4.855102040816327
2018,443,15,11.1,39,2018-05-16,2018-05-12,15.888888888888914,6.56734693877551
2019,277,20,13,40,2019-05-21,2019-05-14,16.888888888888914,6.642857142857142
2021,223,22,18.1,41,2021-05-23,2021-05-19,18.888888888888914,5.8
2022,97,18,13,42,2022-05-19,2022-05-14,19.888888888888914,5.802040816326531
2023,157,18,15,43,2023-05-19,2023-05-16,20.888888888888914,5.66530612244898
2024,89,16,14,44,2024-05-17,2024-05-15,21.888888888888914,5.8979591836734695
2025,198,16,11,45,2025-05-17,2025-05-12,22.888888888888914,6.59795918367347
