year,month,mean_temperature,sd_temperature,warm_days_above_8c,maximum_temperature,n_days
1980,3,-1.6193548387096774,1.9960660234302054,0,1.6,31
1980,4,3.6766666666666667,1.9343863561120989,0,7.9,30
1981,3,0.26129032258064516,2.5461968265571877,0,4.5,31
1981,4,3.43,1.7479347419365991,0,6.4,30
1982,3,1.5225806451612904,1.410132305239324,0,5,31
1982,4,3.47,1.450600351340901,0,5.8,30
1983,3,1.7741935483870968,1.5355710646608498,0,4.3,31
1983,4,4.336666666666667,1.8907184063085711,1,8.1,30
1984,3,-0.19032258064516128,1.854428005021077,0,2.7,31
1984,4,4.516666666666667,2.2003265170445037,0,8,30
1985,3,-0.4451612903225806,1.1087045622940372,0,1.5,31
1985,4,1.8033333333333332,1.5450663044210986,0,4.6,30
1986,3,-0.10322580645161292,1.5247915422482603,0,2.4,31
1986,4,2.723333333333333,2.727343450841968,2,10.1,30
1987,3,-3.490322580645161,4.1485222138901205,0,2.6,31
1987,4,3.0533333333333332,2.115416863350372,1,8.1,30
1988,3,0.07096774193548389,1.6795224615719586,0,4,31
1988,4,3.01,1.609744036196117,0,6.1,30
1989,3,3.2903225806451615,0.9339360573078785,0,5.3,31
1989,4,4.7,2.9301053294001753,4,10.1,30
1990,3,4.080645161290323,1.788187043691405,0,7.1,31
1990,4,6.6066666666666665,2.8338998757449296,8,11.5,30
1991,3,2.3129032258064517,1.0105252546683732,0,4.1,31
1991,4,4.733333333333333,2.181795106112733,2,8.9,30
1992,3,2.735483870967742,1.3756327967149697,0,4.3,31
1992,4,4.01,1.4184377029821857,0,6.6,30
1993,3,1.8193548387096774,2.0946629569517397,0,5.8,31
1993,4,5.16,3.8963820530651607,7,14.5,30
1994,3,1.1903225806451614,2.1281219950478523,0,4.5,31
1994,4,5.216666666666667,2.3785076940331122,5,9.6,30
1995,3,2.229032258064516,1.5969123433232222,0,5,31
1995,4,4.63,3.037597735053146,3,14.8,30
1996,3,-0.5838709677419355,0.9588523606178199,0,1,31
1996,4,4.35,2.839469353047599,3,10.6,30
1997,3,1.7580645161290323,2.605094264903337,0,6.2,31
1997,4,3.14,1.6575012352416472,0,6,30
1998,3,0.9,1.7305105219751387,0,5.7,31
1998,4,4.176666666666667,3.158315060754469,6,11.2,30
1999,3,2.035483870967742,1.9576428661525191,0,6.2,31
1999,4,5.616666666666666,1.8429892011084328,4,10,30
2000,3,2.138709677419355,1.4655323081517375,0,5.7,31
2000,4,6.609999999999999,3.8657960771805886,10,15.7,30
2001,3,0.47096774193548385,2.223389836621414,0,4,31
2001,4,4.486666666666666,1.742319764256705,1,9.6,30
2002,3,2.5,1.6834488409215174,0,5.6,31
2002,4,4.833333333333333,1.8495727993863569,1,8.1,30
2003,3,1.132258064516129,2.317237881152788,0,4.6,31
2003,4,3.7,2.9027929475854326,3,10,30
2004,3,1.7483870967741937,2.1162657312259467,0,5.4,31
2004,4,5.326666666666666,2.0984285307940738,0,8,30
2005,3,-0.7838709677419355,3.1665014105153495,0,4.8,31
2005,4,5.09,2.147066964890508,3,9.7,30
2006,3,-1.3548387096774193,2.569803975621152,0,3.8,31
2006,4,3.99,1.7424418062810196,1,8.8,30
2007,3,4.32258064516129,1.487214326051529,0,6.4,31
2007,4,5.903333333333333,2.3031437784836224,7,9.9,30
2008,3,2.2903225806451615,2.0470067315814533,0,5.9,31
2008,4,5.8,2.131860123508786,4,11.9,30
2009,3,1.5129032258064516,1.6999493983613887,0,4.3,31
2009,4,6.5200000000000005,1.9976537962457792,7,11.8,30
2010,3,0.3758064516129032,2.6322319733052257,0,5.65,31
2010,4,3.9916666666666667,1.6420699370492475,1,8.350000000000001,30
2011,3,0.8870967741935484,1.5655652728825822,0,4.5,31
2011,4,6.22,2.7355450821640144,9,12.05,30
2012,3,3.356451612903226,2.528462706055594,0,6.75,31
2012,4,4.595,2.5007705708992702,3,9.95,30
2013,3,-1.5741935483870968,2.277859776476665,0,2.6,31
2013,4,3.453333333333333,2.0804066799601917,0,6.9,30
2014,3,3.741935483870968,1.2953182861233727,0,6.2,31
2014,4,6.693333333333333,3.0632339608411523,9,12.4,30
2015,3,3.5806451612903225,1.2161193348348425,0,5.3,31
2015,4,5.85,1.6357535435304469,1,9.3,30
2016,3,2.793548387096774,1.3152782934600995,0,4.9,31
2016,4,5.69,1.1469149022937353,0,7.8,30
2017,3,2.9483870967741934,1.7667052136188304,0,6.4,31
2017,4,4.196666666666666,1.9897120452438604,0,7.1,30
2018,3,-0.332258064516129,2.289452204753238,0,3.4,31
2018,4,5.866666666666666,2.385347995046271,6,9.4,30
2019,3,3.0838709677419356,1.8195414759756643,0,6.3,31
2019,4,6.88,3.71960324172647,12,14,30
2020,3,3.870967741935484,1.565714650117127,0,6.5,31
2020,4,6.5633333333333335,1.4353861269126622,6,9.5,30
2021,3,2.9935483870967743,2.1791336939054426,0,7.1,31
2021,4,5.003333333333333,2.037659802632512,4,10.2,30
2022,3,2.9387096774193546,1.8600497160658258,0,7.2,31
2022,4,5.14,2.511161292008691,4,10.1,30
2023,3,1.9322580645161291,1.9387946593651417,0,5,31
2023,4,5.5633333333333335,2.521012841523509,4,9.5,30
2024,3,2.893548387096774,1.8876679587736411,0,6.3,31
2024,4,4.76,2.7226508381000487,4,10.8,30
2025,3,3.7806451612903227,1.5952887627508505,0,5.8,31
2025,4,6.746666666666667,2.4486073921557003,9,10.8,30
