variable,mean,median,sd,mad,q5,q95,rhat,ess_bulk,ess_tail
b_sigma_Intercept,-0.531697926035,-0.53132888,0.025460578650312274,0.024920534141999955,-0.574196377,-0.49011434400000004,1.0019545167120534,2249.219114274341,4270.634600463815
b_temp_sd_c,0.019663385322217137,0.0201302145,0.040022907130177435,0.0393293178999,-0.04606878974999999,0.08440018784999997,1.004004194199678,1551.1237803026356,3084.58862009479
b_sigma_rel_LD,0.018633811810875,0.0186301565,0.001538663728490041,0.0015188087984999976,0.016125724049999998,0.021150457249999997,1.000243822686052,5971.730910355183,6495.028474468246
b_sigma_temp_mean_c,-0.001026388172139575,-0.00100142414,0.022256574777627127,0.0219466638972,-0.0378004825,0.03579530844999996,1.0007588276161838,2806.2918606934527,4113.177905159484
b_sigma_temp_sd_c,0.0424285839448159,0.0430954785,0.03231511184825308,0.031742028633,-0.011990583749999999,0.09488020330000001,0.9999910963450479,3186.626840308417,4734.827277597627
b_sigma_year_c,0.00252768128304686,0.00252364085,0.001853662149602814,0.0018020781351299998,-4.7120849449999985e-4,0.0055909986549999985,1.0001963973148578,3403.592334771742,4747.371845262578
b_sigma_age_classOLD,-0.01582982243404085,-0.0162531445,0.01945351219825565,0.0193669287777,-0.04765991215,0.016647340099999988,0.9999614618740625,5844.927694325335,5877.170890334111
sd_female_id__Intercept,0.3950408587325,0.39522467,0.010508918678012255,0.01042596195899997,0.37787405249999995,0.4124721395,1.0025917689751704,1296.4415660552493,2275.363981074113
sd_year_f__Intercept,0.147124759419375,0.14542713000000002,0.01858868949748271,0.018079395200999982,0.119667869,0.17998102099999996,0.9998415301240389,2422.341338884249,3935.8914223936513
sd_year_f__sigma_Intercept,0.105505463448875,0.10413195,0.017559421459864798,0.0171286208709,0.07921806945,0.13618070849999997,1.0007936730331515,2317.432985653515,4004.9997255881735
Intercept_sigma,-0.52018798898625,-0.52002886,0.020575056627607974,0.020019925863000068,-0.5541122645,-0.48656063250000003,1.003695288533997,1962.4501360398358,3345.599533826586
"r_year_f__sigma[1981,Intercept]",-0.01338522219654975,-0.012695432999999999,0.0807933096855562,0.0790878640671,-0.14578002,0.11990911649999998,1.0006711412237754,7365.933108386455,6464.10226705057
"r_year_f__sigma[1982,Intercept]",-0.18047341580843013,-0.17674635500000002,0.08858123976739021,0.08736809833499999,-0.3334018095,-0.041883984350000146,1.0003120996260797,4823.880918859787,5163.232744045561
"r_year_f__sigma[1983,Intercept]",-0.0095060155949295,-0.0100333855,0.07389526640620751,0.074157309492,-0.129166919,0.11100555999999988,1.000221084516706,7570.078002802144,6496.541951176824
"r_year_f__sigma[1984,Intercept]",0.08399138994287013,0.082998063,0.06908970572510467,0.0682996636392,-0.0293295499,0.19845181299999992,1.0000632805324974,6514.717407502756,5832.168976995256
"r_year_f__sigma[1985,Intercept]",-0.049844511423142,-0.048248242499999996,0.07725863182786039,0.07640533154226,-0.179097298,0.07573303129999998,0.9999846705177415,5735.585317676297,6223.290099346216
"r_year_f__sigma[1986,Intercept]",0.010217632333492975,0.00908418565,0.06577963598664102,0.0653563297653,-0.0964413523,0.1178606834999999,1.000461474780731,4792.2967129566505,5754.164215958647
"r_year_f__sigma[1987,Intercept]",0.14885145939426625,0.14726245,0.06260783271020044,0.062202275436000015,0.0495542931,0.25293651849999993,1.0008696665663044,4972.781845028195,6168.47063122642
"r_year_f__sigma[1988,Intercept]",-0.07247533687876952,-0.071927086,0.06318602856728875,0.0626047627884,-0.177551853,0.02963363414999998,1.0007526741416182,5864.914961560597,6000.300798360466
"r_year_f__sigma[1989,Intercept]",-0.06657985174850937,-0.066147522,0.06090975346487762,0.060491574460799995,-0.16828946,0.03339335734999997,1.000431266379674,4885.246552223661,6119.336512171975
"r_year_f__sigma[1990,Intercept]",0.05204017895398109,0.0527669775,0.07292507481491475,0.07295815599932999,-0.0671247678,0.17175614699999997,1.0001072871683447,4382.246911500899,5506.75676237177
"r_year_f__sigma[1991,Intercept]",0.09043387877487688,0.089663967,0.060684059757945344,0.060819985186800006,-0.008252137474999999,0.1910096189999999,1.000594230823426,6290.360293544261,6139.912660226471
"r_year_f__sigma[1992,Intercept]",-0.024543400817955124,-0.024629767,0.06869637845139023,0.0668030345367,-0.1363591025,0.086576949,1.0000112681398778,6484.413313733803,6566.265170428399
"r_year_f__sigma[1993,Intercept]",-0.13268002008576538,-0.13216391,0.07008734144344633,0.06930569372999999,-0.2504559455,-0.018369941000000074,0.999965489122185,4666.234406476896,5425.842966753175
"r_year_f__sigma[1994,Intercept]",0.09374791623091575,0.092426598,0.05758991740908944,0.05781279647219999,9.225277205000001e-4,0.19031625399999993,1.000613286436254,5842.927575682227,6966.033943196861
"r_year_f__sigma[1995,Intercept]",0.018882381393199688,0.018699558999999998,0.05431731772871418,0.053303826620100005,-0.0702003711,0.10888477749999993,0.9997608264134762,5447.029875575411,6069.19723166977
"r_year_f__sigma[1996,Intercept]",0.04881313732318221,0.0479643145,0.058473447460154815,0.058129874945099996,-0.04656208925,0.14625299149999987,1.0006737647329724,4914.666046453042,5977.278951218708
"r_year_f__sigma[1997,Intercept]",0.13893521160446876,0.13761683000000002,0.06446139583891457,0.06461153824230001,0.03603067150000001,0.24708705549999982,1.0008463276095607,5837.266549414246,6193.1056023746905
"r_year_f__sigma[1998,Intercept]",0.035178459916069875,0.034972619999999996,0.05562339934118211,0.05569805437980001,-0.055439725849999996,0.12667534299999997,1.0001188830222572,5048.898335247911,5622.831526266233
"r_year_f__sigma[1999,Intercept]",-0.1262435042629146,-0.124679215,0.06602544289716153,0.0647709006924,-0.236088837,-0.019937834500000057,1.0004845274700365,4359.6378795920145,5566.965676528499
"r_year_f__sigma[2000,Intercept]",-0.13556303566904337,-0.13480839,0.05983199894904521,0.058875721337999995,-0.2355234085,-0.03808063190000002,1.0006180802425215,4519.013093998259,5835.540042371258
"r_year_f__sigma[2001,Intercept]",0.013172819758767112,0.013606093,0.0504744084396239,0.05006051754689999,-0.0694675896,0.09657217834999998,1.0002616052175008,5483.696416524223,6105.836754454852
"r_year_f__sigma[2002,Intercept]",-0.036952950311004026,-0.036439789,0.04915687983225651,0.0487460710737,-0.11810937349999999,0.043390062199999926,0.9999264160238568,4818.66836103203,6044.001067912577
"r_year_f__sigma[2003,Intercept]",0.011234691767516188,0.011154299,0.05275733137351346,0.0529725618891,-0.0750093158,0.09735969769999993,1.0004598706988332,5170.690533249773,5781.9551860844795
"r_year_f__sigma[2004,Intercept]",0.012417860841659425,0.011904569,0.05236199509254443,0.05205291326339999,-0.0734040095,0.0987674280499998,1.000680678469352,5056.176014843912,5840.107418012022
"r_year_f__sigma[2005,Intercept]",0.026270630245077774,0.0267116585,0.04955276637800261,0.04966855250322,-0.0558320903,0.10581142149999997,1.000327981212406,5107.686386360767,6023.368746189666
"r_year_f__sigma[2006,Intercept]",-0.017291255171964875,-0.0175617925,0.062410207185970665,0.06306233391989999,-0.11996436999999999,0.08275222774999996,1.0007250344856131,5672.016963103178,6343.307975282545
"r_year_f__sigma[2007,Intercept]",0.0681099213851995,0.068431207,0.05916418754316462,0.05816099990819999,-0.0289153836,0.16367056849999997,1.0005182260941492,4775.36537893076,5572.273663530322
"r_year_f__sigma[2008,Intercept]",0.14639554839738875,0.14616267500000002,0.050058857479440576,0.050008268498999996,0.0646673836,0.2271980939999999,1.000393363864603,5008.440075753911,5921.191474288809
"r_year_f__sigma[2009,Intercept]",-0.020207356766493025,-0.020009802,0.04898309765845126,0.04863611700989999,-0.10131246049999999,0.060870428699999986,1.0009511805171305,3931.869743335022,5639.393012700743
"r_year_f__sigma[2010,Intercept]",0.07842183718568962,0.0782058695,0.056117623844001124,0.05455590085259999,-0.012955305649999999,0.172751391,1.0011630371688136,4208.711473680014,5035.006167701828
"r_year_f__sigma[2011,Intercept]",-0.0425767945897978,-0.042315072499999995,0.04973849912698087,0.04922797989962999,-0.1240871705,0.039330028449999964,1.0002882831224855,4937.928957465165,6321.030321931507
"r_year_f__sigma[2012,Intercept]",4.008477685306e-4,9.25281645e-5,0.04221528920496019,0.042062406989112296,-0.0689141257,0.06936426339999999,1.0003338704252493,4373.747202697325,5797.746604278611
"r_year_f__sigma[2013,Intercept]",0.006272310782127938,0.0059648518000000005,0.05674363165280638,0.054943213793999995,-0.08708261075,0.0998791984,1.0005302163215322,3173.365653899938,4038.200672027532
"r_year_f__sigma[2014,Intercept]",0.026154987131983377,0.0253850865,0.04046387134467519,0.03987187388729999,-0.03974729639999999,0.09319211079999995,1.0000656672723955,3825.4914925088597,5833.749750382278
"r_year_f__sigma[2015,Intercept]",-0.175065561102975,-0.173992475,0.05516187419020645,0.05500385954700002,-0.2659449895,-0.08741783555000002,1.0014232632706324,3696.424676615333,4884.660391211497
"r_year_f__sigma[2016,Intercept]",0.05743470979222363,0.057224187499999996,0.04685068253846997,0.04704547179359999,-0.019378540149999998,0.13501262249999996,1.0009507027371356,3688.5088512413968,6054.519731409869
"r_year_f__sigma[2017,Intercept]",-0.14627220370320376,-0.14473726999999997,0.05711335673314557,0.055623097089,-0.2423715505,-0.054585618850000024,1.000476481275557,4274.120823276589,4745.178030377047
"r_year_f__sigma[2018,Intercept]",0.09223287510259881,0.0917952265,0.0545613007959916,0.0545023678731,0.0021354156900000006,0.18286166499999995,1.0006148736049898,4198.561880882482,5259.353807158507
"r_year_f__sigma[2019,Intercept]",0.05181791445127613,0.0523091335,0.06103826502428533,0.059832220728,-0.048445649849999994,0.1510275105,1.0002771556722692,5357.218324645156,5800.709049346689
"r_year_f__sigma[2021,Intercept]",-0.0013099729072973624,-0.0014338172,0.06853400580373072,0.0677279026557,-0.11288747400000002,0.11214844749999994,1.0007771977658642,5073.291264337493,5967.28144846369
"r_year_f__sigma[2022,Intercept]",0.05268173464215733,0.051448961,0.07618160134952588,0.075064856802915,-0.07116178834999999,0.17881765549999995,1.0009407309292986,7417.511722629722,6131.2203911384495
"r_year_f__sigma[2023,Intercept]",-0.09027528197514363,-0.0887156245,0.07420255371608606,0.0736233637041,-0.21562749250000002,0.029468901799999978,1.0006903737967743,5260.069769466064,5478.346894559595
"r_year_f__sigma[2024,Intercept]",-0.12942988161659863,-0.12664356999999998,0.08354872418806088,0.08300085540600001,-0.271187609,0.002403973199999969,1.0002388753185303,5765.7109574057395,6366.90890680348
"r_year_f__sigma[2025,Intercept]",0.0729707466013578,0.07223294350000001,0.06533405196265638,0.0658611936129,-0.03179979649999999,0.18051123299999994,1.0007734535056523,4862.918474086951,5581.070373499228
