year,year_c,log_variance,SE_log_variance,sigma,CI_low,CI_high
1980,-22.5,0.09142002736444607,0.2169426741303491,1.0467708177251345,0.8462894766131415,1.294745090327798
1980.1882845188284,-22.311715481171632,0.0893312884059348,0.21554788770111674,1.045678172893097,0.8465624669490119,1.2916268839626022
1980.376569037657,-22.123430962343036,0.08724254944742099,0.21415585236018586,1.0445866685903018,0.8468332622223604,1.2885196612766838
1980.5648535564853,-21.935146443514668,0.08515381048890969,0.2127666221049292,1.0434963036262395,0.8471018154441968,1.2854234471338535
1980.7531380753137,-21.7468619246863,0.08306507153039841,0.2113802522419835,1.042407076811639,0.847368078498999,1.2823382675823443
1980.9414225941423,-21.558577405857704,0.08097633257188458,0.20999679942309957,1.0413189869584711,0.847632002114472,1.2792641498849129
1981.1297071129707,-21.370292887029336,0.0788875936133733,0.20861632168199581,1.0402320328799506,0.8478935358304905,1.276201122549757
1981.3179916317993,-21.18200836820074,0.0767988546548595,0.20723887847222233,1.0391462133905254,0.8481526279672095,1.2731492153622315
1981.5062761506276,-20.993723849372373,0.0747101156963482,0.20586453070609959,1.0380615273058866,0.8484092255923185,1.2701084594174719
1981.694560669456,-20.805439330544004,0.07262137673783692,0.20449334079470532,1.0369779734429572,0.848663274487434,1.2670788871538294
1981.8828451882846,-20.61715481171541,0.07053263777932312,0.20312537268897388,1.0358955506198957,0.848914719113604,1.2640605323872285
1982.071129707113,-20.42887029288704,0.06844389882081181,0.20176069192191287,1.0348142576560975,0.8491635025759148,1.261053430346422
1982.2594142259413,-20.240585774058673,0.06635515986230053,0.20039936565194602,1.0337340933721868,0.8494095665871836,1.2580576177091305
1982.44769874477,-20.052301255230077,0.06426642090378673,0.1990414627074315,1.032655056590019,0.8496528514307226,1.2550731326391404
1982.6359832635983,-19.86401673640171,0.062177681945275426,0.19768705363236305,1.0315771461326826,0.8498932959221589,1.2521000148243489
1982.824267782427,-19.675732217573113,0.06008894298676162,0.19633621073325702,1.03050036082449,0.8501308373703034,1.2491383055157237
1983.0125523012553,-19.487447698744745,0.05800020402825032,0.19498900812728515,1.0294246994909857,0.8503654115370487,1.2461880475672855
1983.2008368200836,-19.299163179916377,0.05591146506973904,0.1936455217916228,1.028350160958936,0.8505969525962945,1.2432492854770154
1983.3891213389122,-19.11087866108778,0.05382272611122524,0.19230582961406925,1.0272767440563328,0.850825393091885,1.24032206542878
1983.5774058577406,-18.922594142259413,0.051733987152713934,0.1909700114449398,1.0262044476123942,0.8510506638945521,1.2374064353352539
1983.765690376569,-18.734309623431045,0.04964524819420266,0.18963814915022834,1.0251332704575569,0.8512726941578644,1.234502444881807
1983.9539748953976,-18.54602510460245,0.047556509235688854,0.18831032666608136,1.0240632114234784,0.8514914112731694,1.2316101455714268
1984.142259414226,-18.35774058577408,0.04546777027717755,0.18698663005457825,1.0229942693430398,0.8517067408235328,1.2287295907706455
1984.3305439330543,-18.169456066945713,0.04337903131866627,0.18566714756081099,1.0219264430503363,0.8519186065366782,1.2258608357564378
1984.5188284518829,-17.981171548117118,0.04129029236015247,0.18435196967129597,1.0208597313806802,0.852126930236924,1.2230039377641495
1984.7071129707113,-17.79288702928875,0.039201553401641165,0.18304118917370568,1.0197941331706037,0.8523316317961294,1.2201589560364194
1984.8953974895398,-17.604602510460154,0.03711281444312736,0.1817349012179015,1.0187296472578478,0.8525326290836602,1.2173259518730484
1985.0836820083682,-17.416317991631786,0.03502407548461606,0.18043320337830263,1.0176662724813723,0.8527298379153825,1.2145049886818888
1985.2719665271966,-17.228033472803418,0.03293533652610478,0.1791361957175328,1.0166040076813445,0.8529231720017095,1.2116961320306348
1985.4602510460252,-17.039748953974822,0.030846597567590978,0.1778439808513709,1.0155428516991432,0.8531125428947179,1.2088994496995729
1985.6485355648535,-16.851464435146454,0.028757858609079673,0.1765566640149692,1.0144828033773594,0.8532978599343626,1.2061150117352366
1985.836820083682,-16.663179916318086,0.026669119650568396,0.17527435313030101,1.0134238615597893,0.8534790301938244,1.2033428905048993
1986.0251046025105,-16.47489539748949,0.024580380692054593,0.17399715887483472,1.0123660250914355,0.8536559584240254,1.2005831607519284
1986.2133891213389,-16.286610878661122,0.02249164173354329,0.172725194751382,1.0113092928185103,0.8538285469973568,1.1978358996519258
1986.4016736401675,-16.098326359832527,0.020402902775029486,0.1714585771590605,1.010253663588425,0.853996695850675,1.195101186869572
1986.5899581589958,-15.910041841004158,0.01831416381651818,0.1701974254653562,1.0091991362497992,0.8541603024276161,1.192379104616197
1986.7782426778242,-15.72175732217579,0.016225424858006904,0.16894186207917886,1.0081457096524507,0.8543192616203046,1.1896697377079102
1986.9665271966528,-15.533472803347195,0.014136685899493101,0.16769201252487667,1.0070933826473973,0.8544734657105238,1.1869731736243025
1987.1548117154812,-15.345188284518827,0.012047946940981796,0.16644800551711583,1.006042154086861,0.8546228043104376,1.1842895025675948
1987.3430962343095,-15.156903765690458,0.00995920798247052,0.16520997303651816,1.0049920228242568,0.8547671643029556,1.1816188175221167
1987.5313807531381,-14.968619246861863,0.007870469023956717,0.1639780504059815,1.0039429877141974,0.8549064297818489,1.1789612143140633
1987.7196652719665,-14.780334728033495,0.005781730065445412,0.16275237636755252,1.0028950476124947,0.8550404819917303,1.1763167916713866
1987.9079497907949,-14.592050209205127,0.003692991106934135,0.16153309315970873,1.0018482013761514,0.855169199268033,1.1736856512836624
1988.0962343096235,-14.403765690376531,0.001604252148420332,0.16032034659493208,1.0008024478633624,0.8552924569771277,1.1710678978618458
1988.2845188284518,-14.215481171548163,-4.844868100909727e-4,0.15911428613740014,0.999757785933519,0.8554101274567337,1.1684636391977334
1988.4728033472804,-14.027196652719567,-0.0025732257686047755,0.15791506498060306,0.9987142144471981,0.855522079956802,1.1658729862229242
1988.6610878661088,-13.8389121338912,-0.00466196472711608,0.15672284012472787,0.9976717322661706,0.8556281805810507,1.1632960530671717
1988.8493723849372,-13.650627615062831,-0.006750703685627357,0.1555377724535514,0.9966303382533918,0.8557282922293669,1.1607329571158278
1989.0376569037658,-13.462343096234235,-0.00883944264414116,0.1543600268106443,0.995590031273004,0.8558222745412907,1.1581838190662317
1989.2259414225941,-13.274058577405867,-0.010928181602652465,0.153189772074614,0.994550810190339,0.8559099838408301,1.155648762982772
1989.4142259414225,-13.085774058577499,-0.013016920561163742,0.1520271812330951,0.993512673871909,0.8559912730828669,1.1531279163503272
1989.602510460251,-12.897489539748904,-0.015105659519677545,0.15087243145520954,0.9924756211854094,0.8560659918014396,1.1506214101258587
1989.7907949790795,-12.709205020920535,-0.01719439847818885,0.14972570416215342,0.9914396509997214,0.8561339860602076,1.1481293787878237
1989.979079497908,-12.52092050209194,-0.019283137436702652,0.14858718509554206,0.990404762184902,0.8561950984054306,1.145651960383041
1990.1673640167364,-12.332635983263572,-0.02137187639521393,0.14745706438316303,0.9893709536121923,0.85624916782181415,1.143189296570737
1990.3556485355648,-12.144351464435204,-0.023460615353725234,0.146335536601683,0.988338224154008,0.8562960296916032,1.1407415326633001
1990.5439330543934,-11.956066945606608,-0.025549354312239037,0.14522280083589886,0.9873065726839421,0.8563355157573298,1.1383088176634095
1990.7322175732218,-11.76778242677824,-0.02763809327075034,0.14411906073404376,0.9862759980767666,0.856367454088646,1.1358913042970802
1990.9205020920501,-11.579497907949872,-0.02972683222926162,0.1430245245586282,0.9852464992084249,0.8563916690537068,1.1334891490421315
1991.1087866108787,-11.391213389121276,-0.03181557118777542,0.14193940523229884,0.9842180749560332,0.8564079812955878,1.1311025121516467
1991.297071129707,-11.202928870292908,-0.03390431014628671,0.140863920378126,0.9831907241978838,0.8564162077142605,1.1287315576718773
1991.4853556485355,-11.01464435146454,-0.035993049104798,0.1397982923536983,0.9821644458134361,0.8564161614546693,1.126376453454018
1991.673640167364,-10.826359832635944,-0.03808178806331182,0.13874274827840066,0.981139238683319,0.8564076519014887,1.1240373711593286
1991.8619246861924,-10.638075313807576,-0.04017052702182311,0.1376975200531817,0.9801151016893337,0.8563904846811676,1.1217144862569695
1992.050209205021,-10.44979079497898,-0.04225926598033691,0.1366628443720807,0.9790920337144436,0.8563644616718926,1.1194079780138884
1992.2384937238494,-10.261506276150612,-0.044348004938848204,0.1356389627247934,0.9780700336427832,0.8563293810221367,1.117118029476167
1992.4267782426778,-10.073221757322244,-0.046436743897359495,0.1346261213894504,0.9770491003596478,0.8562850371784821,1.114844827441049
1992.6150627615064,-9.884937238493649,-0.0485254828558733,0.13362457141482126,0.9760292327514962,0.8562312209234318,1.1125885624190095
1992.8033472803347,-9.69665271966528,-0.05061422181438459,0.13263456859107825,0.9750104297059538,0.8561677194239528,1.1103494285850934
1992.991631799163,-9.508368200836912,-0.05270296077289588,0.131656373408229,0.9739926901118026,0.8560943162915082,1.1081276237187372
1993.1799163179917,-9.320083682008317,-0.054791699731409696,0.13069025100133183,0.9729760128589852,0.8560107916543626,1.1059233491313467
1993.36820083682,-9.131799163179949,-0.05688043868992097,0.12973647108155179,0.9719603968386062,0.8559169222429522,1.1037368095808082
1993.5564853556486,-8.943514644351353,-0.05896917764843479,0.12879530785209548,0.9709458409429231,0.8558124814891298,1.101568213172098
1993.744769874477,-8.755230125522985,-0.06105791660694608,0.1278670399080892,0.9699323440653543,0.8556972396400956,1.0994177712432474
1993.9330543933054,-8.566945606694617,-0.06314665556545737,0.1269519501193917,0.9689199051004698,0.8555709638878299,1.0972856982357642
1994.121338912134,-8.378661087866021,-0.06523539452397117,0.1260503254953937,0.9679085229439932,0.8554334185148401,1.0951722115487708
1994.3096234309623,-8.190376569037653,-0.06732413348248246,0.12516245703082038,0.9668981964928048,0.8552843650570171,1.093077531376029
1994.4979079497907,-8.002092050209285,-0.06941287244099376,0.12428863953156793,0.9658889246449326,0.8551235624843837,1.0910018805250516
1994.6861924686193,-7.813807531380689,-0.07150161139950757,0.12342917141965534,0.9648807062995546,0.8549507674004884,1.0889454842175927
1994.8744769874477,-7.625523012552321,-0.07359035035801885,0.12258435451637521,0.9638735403570018,0.8547657342611594,1.0869085698707763
1995.062761506276,-7.437238493723953,-0.07567908931653014,0.12175449380277045,0.9628674257187493,0.8545682156132878,1.0848913668581748
1995.2510460251046,-7.2489539748953575,-0.07776782827504396,0.12093989715664533,0.961862361287419,0.8543579623542559,1.0828941062502648
1995.439330543933,-7.060669456066989,-0.07985656723355525,0.12014087506535852,0.9608583459667817,0.8541347240125523,1.0809170205336969
1995.6276150627616,-6.872384937238394,-0.08194530619206905,0.11935774031372579,0.9598553786617477,0.8538982490500362,1.0789603433088901
1995.81589958159,-6.684100418410026,-0.08403404515058034,0.11859080764648902,0.9588534582783754,0.8536482851862263,1.0770243089656415
1996.0041841004183,-6.4958158995816575,-0.08612278410909163,0.11784039340486405,0.9578525837238612,0.8533845797448693,1.0751091523364178
1996.192468619247,-6.307531380753062,-0.08821152306760544,0.11710681513685826,0.9568527539065423,0.8531068800229408,1.0732151083272399
1996.3807531380753,-6.119246861924694,-0.09030026202611673,0.11639039118115589,0.955853967735899,0.8528149336820838,1.071342411526131
1996.5690376569037,-5.930962343096326,-0.09238900098462802,0.1156914402245278,0.9548562241225464,0.8525084891623442,1.0694912957892444
1996.7573221757323,-5.74267782426773,-0.09447773994314183,0.11501028083291996,0.9538595219782365,0.852187296117912,1.0676619938050096
1996.9456066945606,-5.554393305439362,-0.09656647890165312,0.11434723095653755,0.9528638602158612,0.8518511058743917,1.0658547366367481
1997.1338912133892,-5.366108786610766,-0.09865521786016693,0.11370260740944774,0.9518692377494421,0.8514996719069393,1.0640697532443992
1997.3221757322176,-5.177824267782398,-0.10074395681867822,0.1130767253244683,0.950875653494139,0.8511327503384177,1.0623072699862652
1997.510460251046,-4.98953974895403,-0.10283269577718951,0.11246989758429725,0.949883106366241,0.8507501004564944,1.0605675101017753
1997.6987447698746,-4.8012552301254345,-0.10492143473570331,0.111882434230124,0.9488915952831678,0.850351485248408,1.0588506931766082
1997.887029288703,-4.612970711297066,-0.1070101736942146,0.11131464184918671,0.9479011191634732,0.8499366719518955,1.0571570345916537
1998.0753138075313,-4.424686192468698,-0.1090989126527259,0.11076682294300132,0.946911676926836,0.8495054326205403,1.05548674495753
1998.26359832636,-4.236401673640103,-0.1111876516112397,0.1102392752782708,0.9459232674940627,0.8490575447015866,1.0538400295366601
1998.4518828451883,-4.0481171548117345,-0.113276390569751,0.10973229122272755,0.94493588978709,0.8485927916240221,1.0522170876550763
1998.6401673640166,-3.8598326359833663,-0.11536512952826228,0.10924615706842698,0.9439495427289761,0.8481109633945062,1.050618112106361
1998.8284518828452,-3.671548117154771,-0.11745386848677608,0.10878115234528468,0.9429642252439037,0.8476118571985164,1.0490432885503902
1999.0167364016736,-3.4832635983264026,-0.11954260744528739,0.10833754912787896,0.9419799362571815,0.8470952780038654,1.0474927949097064
1999.2050209205022,-3.294979079497807,-0.12163134640380119,0.10791561133877638,0.9409966746952357,0.846561039163547,1.0459668007665384
1999.3933054393306,-3.106694560669439,-0.12372008536231248,0.1075155940518724,0.9400144394856178,0.8460089630147178,1.0444654667637225
1999.581589958159,-2.918410041841071,-0.12580882432082377,0.1071377427994029,0.939033229556995,0.8454388814704349,1.0429889440128335
1999.7698744769875,-2.7301255230124752,-0.12789756327933757,0.10678229288647868,0.9380530438391528,0.8448506366006798,1.041537373513049
1999.958158995816,-2.541841004184107,-0.12998630223784885,0.10644946871711161,0.9370738812629975,0.844244081199084,1.0401108855843184
2000.1464435146443,-2.353556485355739,-0.13207504119636015,0.10613948313580458,0.9360957407605479,0.8436190793317028,1.0387095993184572
2000.3347280334729,-2.1652719665271434,-0.13416378015487396,0.1058525367888503,0.9351186212649372,0.8429755068641848,1.0373336220518714
2000.5230125523012,-1.9769874476987752,-0.13625251911338526,0.1055888175094927,0.9341425217104161,0.8423132519636708,1.03598304886355
2000.7112970711296,-1.788702928870407,-0.13834125807189654,0.10534849973108211,0.9331674410323442,0.8416322155718132,1.034657962101917
2000.8995815899582,-1.6004184100418115,-0.14042999703041034,0.10513174393229392,0.9321933781671922,0.8409323118454199,1.033358430944081
2001.0878661087866,-1.4121338912134433,-0.14251873598892165,0.10493869611835235,0.9312203320525446,0.8402134685613457,1.032084510990837
2001.2761506276152,-1.2238493723848478,-0.14460747494743545,0.1047694873420365,0.9302483016270902,0.8394756274824303,1.0308362439005976
2001.4644351464435,-1.0355648535564796,-0.14669621390594673,0.10462423326804002,0.9292772858306301,0.8387187446815385,1.0296136570652596
2001.652719665272,-0.8472803347281115,-0.14878495286445803,0.1045030337839824,0.9283072836040689,0.837942790820967,1.0284167633306673
2001.8410041841005,-0.658995815899516,-0.15087369182297183,0.10440597266107848,0.9273382938894165,0.8371477513848364,1.0272455607641144
2002.0292887029289,-0.4707112970711478,-0.15296243078148314,0.10433311726711901,0.9263703156297907,0.8363336268623873,1.026100032470944
2002.2175732217572,-0.2824267782427796,-0.15505116973999442,0.10428451833403535,0.9254033477694088,0.835500432880463,1.0249801464619377
2002.4058577405858,-0.09414225941418408,-0.15713990869850822,0.10426020978191014,0.9244373892535905,0.8346482002838832,1.0238858555728396
2002.5941422594142,0.09414225941418408,-0.15922864765701952,0.1042602086008506,0.9234724390287598,0.8337769751627911,1.0228170974369024
2002.7824267782428,0.2824267782427796,-0.16131738661553333,0.10428451479168262,0.9225084960424355,0.8328868188264874,1.0217737945109284
2002.9707112970711,0.4707112970711478,-0.1634061255740446,0.10433311136594782,0.9215455592432401,0.8319778077237278,1.0207558541548774
2003.1589958158995,0.658995815899516,-0.1654948645325559,0.10440596440520378,0.9205836275808896,0.8310500333098478,1.019763168764616
2003.347280334728,0.8472803347281115,-0.1675836034910697,0.10450302317914502,0.919622700006197,0.830103601861562,1.018795615957016
2003.5355648535565,1.0355648535564796,-0.16967234244958102,0.10462422032158687,0.9186627754710729,0.8291386342406747,1.0178530588061387
2003.7238493723848,1.2238493723848478,-0.1717610814080923,0.10476947206289526,0.9177038529285195,0.8281552656083431,1.0169353461288497
2003.9121338912134,1.4121338912134433,-0.1738498203666061,0.104938678517001,0.9167459313326314,0.8271536450919469,1.0160423128178462
2004.1004184100418,1.6004184100418115,-0.1759385593251174,0.10513172402072532,0.9157890096385982,0.8261339354069466,1.0151737802196965
2004.2887029288704,1.788702928870407,-0.1780272982836312,0.10534847752276387,0.9148330868026959,0.8250963124364312,1.0143295565551673
2004.4769874476988,1.9769874476987752,-0.18011603724214248,0.10558879301932272,0.9138781617822945,0.8240409647713884,1.0135094373788633
2004.6652719665271,2.1652719665271434,-0.18220477620065378,0.10585251003310821,0.9129242335358485,0.8229680932149093,1.0127132060748982
2004.8535564853557,2.353556485355739,-0.1842935151591676,0.10613945413209953,0.9119713010229,0.8218779102538155,1.0119406343851665
2005.041841004184,2.541841004184107,-0.1863822541176789,0.10644943748432674,0.9110193632040805,0.8207706395013162,1.0111914829665851
2005.2301255230125,2.7301255230124752,-0.18847099307619017,0.10678225944471263,0.9100684190411029,0.8196465151144195,1.0104655019735618
2005.418410041841,2.918410041841071,-0.19055973203470397,0.10713770716990893,0.909118467496764,0.8185057811899354,1.0097624316618907
2005.6066945606694,3.106694560669439,-0.19264847099321525,0.10751555625699526,0.9081695075349464,0.8173486911429031,1.0090820030102259
2005.7949790794978,3.294979079497807,-0.19473720995172655,0.10791557140188751,0.9072215381206112,0.8161755070712639,1.0084239383552873
2005.9832635983264,3.4832635983264026,-0.19682594891024036,0.10833750707331036,0.9062745582197996,0.8149864991105884,1.0077879520370352
2006.1715481171548,3.671548117154771,-0.19891468786875166,0.10878110819826191,0.9053285667996358,0.8137819447825454,1.0071737510501013
2006.3598326359834,3.8598326359833663,-0.20100342682726546,0.10924611085500156,0.9043835628283171,0.812562128340673,1.0065810356978953
2006.5481171548117,4.0481171548117345,-0.20309216578577674,0.10973224296970926,0.9034395452751229,0.8113273401169208,1.0060095002459764
2006.73640167364,4.236401673640103,-0.20518090474428805,0.11023922501316007,0.9024965131104047,0.8100778758721676,1.0054588335714147
2006.9246861924687,4.424686192468698,-0.20726964370280185,0.11076677069392207,0.901554465305589,0.808814036153808,1.0049287198051053
2007.112970711297,4.612970711297066,-0.20935838266131312,0.11131458764482023,0.9006134008331792,0.8075361256632314,1.004418838964192
2007.3012552301254,4.8012552301254345,-0.21144712161982443,0.11188237809964367,0.8996733186667479,0.8062444526357864,1.0039288675719849
2007.489539748954,4.98953974895403,-0.21353586057833823,0.11246983955730469,0.8987342177809392,0.8049393282356274,1.0034584792630163
2007.6778242677824,5.177824267782398,-0.21562459953684954,0.11307666543093117,0.8977960971514707,0.8036210659675506,1.003007345371108
2007.8661087866108,5.366108786610766,-0.21771333849536081,0.1137025456796392,0.8968589557551259,0.8022899811076772,1.0025751354985701
2008.0543933054394,5.554393305439362,-0.21980207745387462,0.11434716742097778,0.8959227925697562,0.8009463901546373,1.0021615180649215
2008.2426778242677,5.74267782426773,-0.2218908164123859,0.11501021552231976,0.8949876065742836,0.7995906103026175,1.0017661608337456
2008.4309623430963,5.930962343096326,-0.22397955537089972,0.11569137316973449,0.8940533967486912,0.7982229589373969,1.0013887314165348
2008.6192468619247,6.119246861924694,-0.226068294329411,0.11639032241310146,0.8931201620740316,0.7968437531563226,1.0010288977526323
2008.807531380753,6.307531380753062,-0.2281570332879223,0.1171067446865101,0.892187901532417,0.7954533093128633,1.000686328564559
2008.9958158995817,6.4958158995816575,-0.2302457722464361,0.11784032130317804,0.891256614107023,0.7940519425862657,1.000360693788263
2009.18410041841,6.684100418410026,-0.2323345112049474,0.11859073392436532,0.890326298782089,0.7926399665765839,1.0000516649779934
2009.3723849372384,6.872384937238394,-0.2344232501634587,0.11935766500196708,0.8893969545429121,0.7912176929251732,0.9997589156856933
2009.560669456067,7.060669456066989,-0.2365119891219725,0.12014079819463089,0.8884685803758483,0.78978543096062,0.9994821218149752
2009.7489539748954,7.2489539748953575,-0.23860072808048377,0.12093981875744166,0.8875411752683148,0.7883434873698835,0.9992209619498843
2009.937238493724,7.437238493723953,-0.2406894670389976,0.12175441390537635,0.88661473820878145,0.7868921658942855,0.9989751176587927
2010.1255230125523,7.625523012552321,-0.24277820599750888,0.12258427315083749,0.8856892681867785,0.7854317670499311,0.998744273773896
2010.3138075313807,7.813807531380689,-0.24486694495602018,0.1234290886157529,0.8847647641928876,0.7839625878719338,0.998528118646873
2010.5020920502093,8.002092050209285,-0.24695568391453399,0.12428855531878508,0.883841225218744,0.7824849216818313,0.9983263443813766
2010.6903765690377,8.190376569037653,-0.2490444228730453,0.12516237143832235,0.8829186502570386,0.7809990578774352,0.9981386470430899
2010.878661087866,8.378661087866021,-0.25113316183155654,0.12605023855200453,0.8819970383015111,0.7795052817442994,0.9979647268481465
2011.0669456066946,8.566945606694617,-0.25322190079007034,0.12695186185357432,0.8810763883469509,0.778003874287984,0.9978042883307742
2011.255230125523,8.755230125522985,-0.25531063974858165,0.12786695034792736,0.8801566993892,0.7764951120862066,0.9976570404910495
2011.4435146443514,8.943514644351353,-0.25739937870709295,0.1287952170252779,0.8792379704251458,0.7749792671599431,0.9975226969236879
2011.63179916318,9.131799163179949,-0.25948811766560675,0.12973637901535812,0.8783202004527224,0.7734566068625658,0.9974009759288118
2011.8200836820083,9.320083682008317,-0.26157685662411806,0.1306901577226204,0.877403388470913,0.7719273937860505,0.9972916006056523
2012.008368200837,9.508368200836912,-0.26366559558263186,0.1316562789434262,0.8764875334797416,0.7703918856832773,0.997194298930136
2012.1966527196653,9.69665271966528,-0.26575433454114317,0.13263447296616976,0.8755726344802804,0.768850335405517,0.997108803817318
2012.3849372384936,9.884937238493649,-0.2678430734996544,0.13362447465534444,0.874658690474641,0.7673029908541041,0.9970348531695961
2012.5732217573222,10.073221757322244,-0.2699318124581682,0.1346260235204884,0.8737457004659761,0.765750094945417,0.9969721899116407
2012.7615062761506,10.261506276150612,-0.2720205514166795,0.1356388637709705,0.872833663458483,0.7641918855882348,0.9969205620129467
2012.949790794979,10.44979079497898,-0.27410929037519083,0.13666274435755893,0.8719225784573947,0.7626285956725725,0.9968797224988892
2013.1380753138076,10.638075313807576,-0.27619802933370463,0.13769741900165838,0.8710124444689828,0.7610604530691701,0.996849429451146
2013.326359832636,10.826359832635944,-0.27828676829221594,0.13874264621310745,0.8701032605005592,0.7594876806387884,0.9968294459983089
2013.5146443514645,11.01464435146454,-0.28037550725072974,0.13979818929740076,0.8691950255604678,0.7579104962504992,0.9968195402974861
2013.702928870293,11.202928870292908,-0.28246424620924104,0.1408638163531244,0.8682877386580918,0.7563291128082527,0.996819485507654
2013.8912133891213,11.391213389121276,-0.2845529851677523,0.1419393002604297,0.8673813988038456,0.7547437382849351,0.9968290597554903
2014.0794979079499,11.579497907949872,-0.2866417241262661,0.14302441866126664,0.8664760050091759,0.7531545757632726,0.996848046094382
2014.2677824267782,11.76778242677824,-0.2887304630847774,0.14411895393210625,0.8655715562865651,0.751561823482901,0.9968762324572649
2014.4560669456066,11.956066945606608,-0.2908192020432887,0.14522269314984715,0.8646680516495229,0.7499656748929641,0.9969134116039211
2014.6443514644352,12.144351464435204,-0.2929079410018025,0.14633542805152813,0.8637654901125886,0.7483663187096833,0.9969593810633192
2014.8326359832636,12.332635983263572,-0.2949966799603138,0.14745695498847008,0.8628638706913337,0.7467639389783319,0.9970139430715522
2015.020920502092,12.52092050209194,-0.2970854189188251,0.14858707487543532,0.8619631924023539,0.7451587151390745,0.9970769045058935
2015.2092050209205,12.709205020920535,-0.2991741578773389,0.149725593135322,0.8610634542632711,0.7435508220962208,0.9971480768154541
2015.397489539749,12.897489539748904,-0.30126289683585017,0.1508723196399132,0.8601646552927364,0.7419404302904241,0.997227275948897
2015.5857740585775,13.085774058577499,-0.30335163579436397,0.15202706864717064,0.8592667945104207,0.7403277057733804,0.9973143222796319
2015.7740585774059,13.274058577405867,-0.3054403747528753,0.15318965873548163,0.8583698709370222,0.7387128102846854,0.9974090405288795
2015.9623430962342,13.462343096234235,-0.3075291137113866,0.15435991273531452,0.8574738835942587,0.7370959013304271,0.9975112596869745
2016.1506276150628,13.650627615062831,-0.3096178526699004,0.15553765765863184,0.8565788315048686,0.7354771322632258,0.9976208129332381
2016.3389121338912,13.8389121338912,-0.31170659162841163,0.15672272462643053,0.8556847136926138,0.7338566523633923,0.9977375375547327
2016.5271966527196,14.027196652719567,-0.313795330586923,0.15791494879475154,0.8547915291822722,0.732234606920903,0.9978612748641844
2016.7154811715482,14.215481171548163,-0.3158840695454368,0.1591141692794369,0.8538992769996394,0.7306111373179643,0.9979918701173331
2016.9037656903765,14.403765690376531,-0.31797280850394805,0.160320229079926,0.8530079561715312,0.7289863811119092,0.9981291724299485
2017.0920502092051,14.592050209205127,-0.32006154746246185,0.16153297500236255,0.8521175657257751,0.7273604721181914,0.9982730346947329
2017.2803347280335,14.780334728033495,-0.32215028642097315,0.1627522575822104,0.8512281046912175,0.7257335404933253,0.998423313498305
2017.4686192468619,14.968619246861863,-0.32423902537948446,0.16397793100663652,0.850339572097715,0.7241057128175348,0.998579869038447
2017.6569037656905,15.156903765690458,-0.32632776433799826,0.16520985303681993,0.8494519669761376,0.7224771121769978,0.9987425650417752
2017.8451882845188,15.345188284518827,-0.3284165032965095,0.166447884930378,0.8485652883583694,0.7208478582455227,0.9989112686819794
2018.0334728033472,15.533472803347195,-0.33050524225502087,0.16769189136408436,0.8476795352773023,0.719218067365505,0.9990858504987645
2018.2217573221758,15.72175732217579,-0.3325939812135347,0.16894174035699616,0.8467947067668374,0.7175878526280884,0.9992661843176056
2018.4100418410042,15.910041841004158,-0.3346827201720459,0.17019730319413362,0.8459108018618878,0.7159573239524054,0.9994521471704233
2018.5983263598325,16.098326359832527,-0.3367714591305572,0.1714584543508421,0.8450278195983703,0.7143265881637908,0.9996436192172694
2018.7866108786611,16.286610878661122,-0.33886019808907103,0.17272507141791285,0.8441457590132082,0.7126957490709236,0.9998404836691022
2018.9748953974895,16.47489539748949,-0.34094893704758233,0.17399703502756786,0.8432646191443335,0.7110649075418114,1.0000426267117177
2019.163179916318,16.663179916318086,-0.34303767600609614,0.17527422878040458,0.8423843990306781,0.7094341615785358,1.0002499374309046
2019.3514644351465,16.851464435146454,-0.3451264149646074,0.1765565391733334,0.8415050977121811,0.7078036063907593,1.000462307738861
2019.5397489539748,17.039748953974822,-0.34721515392311875,0.1778438555286148,0.8406267142297807,0.7061733344678925,1.0006796323019287
2019.7280334728034,17.228033472803418,-0.34930389288163255,0.17913606992401113,0.8397492476254165,0.7045434356499335,1.00090180846967
2019.9163179916318,17.416317991631786,-0.3513926318401438,0.18043307712411225,0.8388726969420307,0.7029139971969334,1.0011287362053205
2020.1046025104602,17.604602510460154,-0.3534813707986551,0.1817347745128881,0.8379970612235618,0.7012851038570475,1.0013603180176387
2020.2928870292887,17.79288702928875,-0.3555701097571689,0.18304106202747,0.8371223395149461,0.6996568379331911,1.0015964588941704
2020.4811715481171,17.981171548117118,-0.3576588487156802,0.1843518420932001,0.8362485308621199,0.6980292793482711,1.0018370662359322
2020.6694560669457,18.169456066945713,-0.359747587674194,0.1856670195599845,0.8353756343120113,0.6964025057089668,1.002082049793535
2020.857740585774,18.35774058577408,-0.36183632663270526,0.18698650163992414,0.8345036489125476,0.6947765923681067,1.002331321604732
2021.0460251046024,18.54602510460245,-0.3639250655912166,0.18831019784628197,0.8336325737126463,0.6931516124855841,1.0025847959334062
2021.234309623431,18.734309623431045,-0.3660138045497304,0.18963801993375112,0.8327624077622181,0.6915276370878645,1.0028423892099814
2021.4225941422594,18.922594142259413,-0.3681025435082417,0.19096988184004282,0.8318931501121684,0.6899047351260732,1.0031040199732535
2021.6108786610878,19.11087866108778,-0.370191282466753,0.19230569962880678,0.8310247998143898,0.6882829735326571,1.0033696088136337
2021.7991631799164,19.299163179916377,-0.3722800214252668,0.19364539143385065,0.8301573559217653,0.6866624172766668,1.0036390783177855
2021.9874476987447,19.487447698744745,-0.3743687603837781,0.19498887740466583,0.829290817488169,0.6850431294176577,1.0039123530146434
2022.1757322175731,19.675732217573113,-0.37645749934228934,0.19633607965326488,0.8284251835684598,0.6834251711582093,1.0041893593227988
2022.3640167364017,19.86401673640171,-0.37854623830080314,0.19768692220228934,0.8275604532184831,0.6818086018951164,1.0044700254992291
2022.55230125523,20.052301255230077,-0.3806349772593145,0.19904133093438908,0.826696625495073,0.6801934792692531,1.0047542815893529
2022.7405857740587,20.240585774058673,-0.3827237162178283,0.20039923354287426,0.8258336994560436,0.6785798592141147,1.0050420593783944
2022.928870292887,20.42887029288704,-0.38481245517633955,0.20176055948358215,0.824971674160197,0.6769677960031034,1.005333292344025
2023.1171548117154,20.61715481171541,-0.38690119413485086,0.20312523992799003,0.8241105486673146,0.6753573422955274,1.0056279156102692
2023.305439330544,20.805439330544004,-0.38898993309336466,0.20449320771751425,0.8232503220381592,0.6737485491813823,1.0059258659026449
2023.4937238493724,20.993723849372373,-0.39107867205187596,0.20586439731899125,0.8223909933344768,0.6721414662249214,1.006227081504514
2023.6820083682007,21.18200836820074,-0.3931674110103872,0.20723874478133514,0.8215325616189902,0.6705361415070216,1.006531502214624
2023.8702928870293,21.370292887029336,-0.395256149968901,0.2086161876933205,0.8206750259554003,0.6689326216664049,1.0068390693058074
2024.0585774058577,21.558577405857704,-0.3973448889274123,0.2099966651424832,0.8198183854083881,0.6673309519397244,1.0071497254848192
2024.2468619246863,21.7468619246863,-0.3994336278859262,0.21138011767513334,0.8189626390436073,0.6657311762005188,1.007463414853287
2024.4351464435147,21.935146443514668,-0.40152236684443743,0.21276648725741643,0.8181077859276908,0.6641333369971123,1.0077800828697425
2024.623430962343,22.123430962343036,-0.40361110580294873,0.21415571723744914,0.8172538251282427,0.6625374755894247,1.0080996763127181
2024.8117154811716,22.311715481171632,-0.40569984476146254,0.21554775230846582,0.8164007557138404,0.6609436319847674,1.0084221432448728
2025,22.5,-0.40778858371997384,0.21694253847296818,0.8155485767540364,0.65935184497263,1.0087474329781299
