rel_LD,estimate,CI_low,CI_high
-6,0.5268168758417766,0.49695876105620074,0.5579175852770243
-5.89937106918239,0.5277995027633717,0.4978753860372469,0.5588915763996994
-5.79874213836478,0.5287874270358142,0.4988307133128101,0.5598253384594479
-5.69811320754717,0.5297681927289357,0.49989324300473315,0.560792250005767
-5.59748427672956,0.530777026913543,0.5008630017797704,0.5617504334801194
-5.49685534591195,0.5317756886864389,0.5018733798632677,0.5627377240791869
-5.39622641509434,0.5327581362289254,0.5028828708053812,0.5637275177111493
-5.29559748427673,0.5337885530271926,0.5038806665451152,0.564705517571374
-5.19496855345912,0.5348215182846354,0.5048871807786488,0.5657007129677938
-5.09433962264151,0.5357869376025877,0.5059474671847326,0.5667035792673994
-4.9937106918239,0.53680583153536,0.50699208299465,0.5676363900004643
-4.8930817610062896,0.5378250619823537,0.5080501275800761,0.5686532126230045
-4.7924528301886795,0.5388270145505467,0.5091069693688617,0.5696906489595482
-4.6918238993710695,0.5398242823432226,0.5101697195304207,0.5706756702177723
-4.591194968553459,0.540847792986666,0.5112333800578884,0.5717087101108927
-4.490566037735849,0.5418734108760503,0.5122436400214747,0.5727146460082737
-4.389937106918239,0.5429023454069026,0.5132472039559748,0.5737008570353119
-4.289308176100629,0.5439337798071854,0.5142834048596777,0.574695957983353
-4.188679245283019,0.5449531748723205,0.5153917049661861,0.5756975729330311
-4.088050314465409,0.5459622047001661,0.516493891160143,0.5767043152916824
-3.9874213836477987,0.5469870569260891,0.5175981159644737,0.57771305221311
-3.8867924528301887,0.5480159013604659,0.5187047015390994,0.5786944955507157
-3.7861635220125787,0.5490478776411721,0.5197403077077656,0.5797587152749015
-3.6855345911949686,0.550099823120737,0.520782872646122,0.5807444879024937
-3.584905660377358,0.5511342617599044,0.5217915607983695,0.5817731889348525
-3.484276729559748,0.5521738462618186,0.5228262054178416,0.5828025440555807
-3.383647798742138,0.5532085499178082,0.5238418538983266,0.5838716415254538
-3.283018867924528,0.5542209643219607,0.5247455561535042,0.5849176683236952
-3.182389937106918,0.5552951459236923,0.5257121374552248,0.5859856335734034
-3.081761006289308,0.5563426133995213,0.5268688542939418,0.586981284999262
-2.981132075471698,0.5573990947831883,0.527942366639484,0.5880165474296036
-2.880503144654088,0.5584656121015701,0.5289196819715385,0.5890967464741809
-2.779874213836478,0.5595322725623593,0.5301126864333979,0.5901326710073264
-2.6792452830188678,0.5605431736901876,0.5311249085442965,0.5912428331912528
-2.5786163522012577,0.561592446573346,0.5321958161389834,0.5922792766988707
-2.4779874213836477,0.5626616267430147,0.5332469641485864,0.5933929376492427
-2.3773584905660377,0.563718791041208,0.5342722155546312,0.5944554109881077
-2.2767295597484276,0.5647510293481136,0.5353555005348684,0.5955139259925384
-2.1761006289308176,0.5658155959406572,0.5364702102393757,0.5965752180442112
-2.0754716981132075,0.566892652922989,0.5375380098524855,0.5976185137714051
-1.9748427672955975,0.5679183183196616,0.5385971798190595,0.5987009597856564
-1.8742138364779874,0.5690053387817076,0.5396648232194944,0.5997427187836264
-1.7735849056603774,0.5700650183628635,0.5407323529038439,0.6008358613068316
-1.6729559748427674,0.5711580788790729,0.5418051235412092,0.6019048908549518
-1.5723270440251573,0.5722517142755805,0.5428160200063752,0.6029519692810836
-1.4716981132075473,0.573348047142813,0.543861095565552,0.6040361108633084
-1.3710691823899372,0.5744317668003931,0.5448823630668492,0.6051267078082488
-1.2704402515723272,0.5755062785881968,0.5459338255114508,0.6062459586078606
-1.1698113207547163,0.5765862981622845,0.5469837612164046,0.6072885751632411
-1.0691823899371062,0.5776976249719802,0.5480368951916742,0.6083895763570146
-0.9685534591194962,0.5787709171064868,0.5491357355085696,0.6095407869278185
-0.8679245283018862,0.5798543548301082,0.5502483142731227,0.6105399789830785
-0.7672955974842761,0.580962444639452,0.5513163469695809,0.6116595791660576
-0.6666666666666661,0.582035274100825,0.5523124677484028,0.6127642281079774
-0.566037735849056,0.5831163008985514,0.5533715204790044,0.6138048696627643
-0.465408805031446,0.5842379000746318,0.5544254071803001,0.6150561238458053
-0.36477987421383595,0.5853543582198236,0.5554281983302828,0.6161945398773159
-0.2641509433962259,0.586483101506948,0.5565494932170151,0.6173909677871503
-0.16352201257861587,0.5876081803785609,0.5576382854956338,0.6184863096597599
-0.06289308176100583,0.5886915688429437,0.5587311210363958,0.6195780256240486
0.03773584905660421,0.5898114098387648,0.5598089588037655,0.6206701764541322
0.13836477987421425,0.5909197168113863,0.5608538147084795,0.6217312290289535
0.2389937106918243,0.592034909280475,0.5619306145518355,0.6227952028271329
0.33962264150943433,0.593117765710487,0.5630275410392851,0.6239650981429723
0.44025157232704437,0.5941953774101404,0.5641040457612517,0.6251182135300906
0.5408805031446544,0.5953069392774155,0.56519702726221,0.626253881937711
0.6415094339622645,0.5964350533131422,0.5663241038279103,0.6273730497529055
0.7421383647798745,0.5975521524600094,0.5674160640129382,0.6285718064074075
0.8427672955974845,0.598695475980648,0.5684336626181509,0.6296484043608067
0.9433962264150946,0.5998257963880931,0.5695363280432991,0.630865180280332
1.0440251572327046,0.6009652385712224,0.5706101349967411,0.6319499944637671
1.1446540880503147,0.602107572308624,0.5717542357692502,0.6330833408600046
1.2452830188679247,0.6032605731154814,0.5729110573035529,0.6342125896349252
1.3459119496855347,0.6044105289468481,0.5740634215902507,0.635377766919764
1.4465408805031448,0.6055463592638867,0.5750945835105806,0.6365012832916084
1.5471698113207548,0.6066791577955237,0.5761647386076368,0.6376804259910078
1.6477987421383649,0.6078265110072014,0.5773486156715917,0.6388485562489401
1.748427672955975,0.6089489235336555,0.5784624283989743,0.6400396328933177
1.849056603773585,0.610120873866259,0.5795683748178244,0.6411882688270912
1.949685534591195,0.6112762592818632,0.580670155378873,0.6423594862240922
2.050314465408805,0.6124584060356146,0.5817833865044011,0.6434468994770847
2.150943396226415,0.6136209667604237,0.582824144887194,0.6447150720971025
2.251572327044025,0.6148093035742244,0.583977442696259,0.6459129542071332
2.352201257861635,0.6159467729525374,0.5850662622042051,0.6471028179646533
2.452830188679245,0.6170931429360862,0.586186746923005,0.6482923296226889
2.5534591194968552,0.6182491972219853,0.587308437280416,0.6494860615436442
2.6540880503144653,0.6193783102893853,0.5884689209518729,0.6506881005226851
2.7547169811320753,0.620530247156637,0.5896048039793044,0.6518795853363595
2.8553459119496853,0.6217143928052485,0.5907313573632149,0.6530790054336935
2.9559748427672954,0.6229023085017855,0.59181723047704,0.654283789086291
3.0566037735849054,0.6240778146785164,0.5928764747496135,0.6555584033385562
3.1572327044025155,0.6252193938740209,0.5939889437048375,0.6566536723040781
3.2578616352201255,0.6263993583230023,0.5950958602485971,0.6578801021416595
3.3584905660377355,0.6275845910879344,0.5961871777181909,0.6591098722157005
3.4591194968553456,0.6287553869619138,0.5972305419583237,0.6603624693835538
3.5597484276729556,0.6299289709019795,0.598294703659393,0.6616056965115583
3.6603773584905674,0.6311166820289851,0.5994642877694327,0.6628520825654648
3.7610062893081775,0.6323102725878931,0.6005772992227201,0.6641017906013377
3.8616352201257875,0.6334746576633792,0.6017336047499621,0.6653247733693883
3.9622641509433976,0.6346618997014224,0.6029184704361316,0.6665170369360115
4.062893081761008,0.6358680071523883,0.6040646148544911,0.6678162223006091
4.163522012578618,0.6370471638307481,0.6051580438606259,0.669033430279553
4.264150943396228,0.6382511147179584,0.6062351688805023,0.6702190404832834
4.364779874213838,0.639442159709048,0.6073092381805971,0.6714040357563457
4.465408805031448,0.6406581296664275,0.6084110416325742,0.672634204114676
4.566037735849058,0.6418414887737405,0.609520877213295,0.6739174854794601
4.666666666666668,0.6430160105213405,0.6107144772075649,0.6751526895503792
4.767295597484278,0.6442014858856958,0.6117891166985803,0.6765159673180775
4.867924528301888,0.6454136613307878,0.6129590011278391,0.6777517596596507
4.968553459119498,0.6466179514256688,0.6141389913043682,0.6790434420204282
5.069182389937108,0.6478251626220293,0.6152256221558713,0.6803027062170479
5.169811320754718,0.6490341430113522,0.6163185095541994,0.6815825907555465
5.270440251572328,0.6502333768225572,0.617405202225436,0.6828560675644707
5.371069182389938,0.6514278479749005,0.6185210002423343,0.6841173322935199
5.471698113207548,0.6526537398503388,0.6196748992617531,0.6854850610382137
5.572327044025158,0.653875495143613,0.6208155497812582,0.686866169197135
5.672955974842768,0.6551142448135439,0.6219501684608516,0.6882710862179345
5.773584905660378,0.6563533586004733,0.6231485387840093,0.6895687868773159
5.874213836477988,0.6575859345834998,0.6243107403116835,0.6909154914359689
5.974842767295598,0.6587942039856436,0.6254753274615535,0.6922505041305922
6.075471698113208,0.6600087170401366,0.6266832340403318,0.6936104845784659
6.1761006289308185,0.6612525408227302,0.6278244263779256,0.694937706642986
6.2767295597484285,0.6624854415955412,0.6289821743355359,0.6963066985200116
6.3773584905660385,0.6637086450119407,0.6301552251590643,0.6976194367864658
6.477987421383649,0.6649495054303548,0.6313491213148152,0.6989925792583577
6.578616352201259,0.6661298833089171,0.6324781011581244,0.7004387623050579
6.679245283018869,0.6673906236301035,0.6336656980189105,0.7017843946276613
6.779874213836479,0.6686551899909384,0.6348703180297111,0.703210577055109
6.880503144654089,0.6699072831634489,0.6360536801371813,0.7045608099534347
6.981132075471699,0.6711621994986149,0.6372835845276255,0.7058647739866031
7.081761006289309,0.672438361572031,0.6384427945595884,0.707222439300798
7.182389937106919,0.6736985064921686,0.639619653356373,0.7085988266985567
7.283018867924529,0.6749684538234515,0.6408208600034481,0.7099683356402312
7.383647798742139,0.6762363498812858,0.6420454246423559,0.7113514458015502
7.484276729559749,0.6774795190189551,0.6432594088221246,0.712824336713331
7.584905660377359,0.6787336965812257,0.6444063559809192,0.7141477539295175
7.685534591194969,0.6799949889975316,0.6455769019861236,0.715542171389553
7.786163522012579,0.681279605149234,0.6467051365085532,0.7169319528923965
7.886792452830189,0.6825434439583973,0.6478468301867663,0.7181899279763043
7.987421383647799,0.6838080094717724,0.6490630834180096,0.7195444275878414
8.08805031446541,0.6851193330454144,0.6502664750655687,0.7209204550501978
8.18867924528302,0.6864395325175242,0.6514763846701549,0.7222961791554254
8.28930817610063,0.687731697506178,0.652609919016357,0.723721281346547
8.38993710691824,0.6890469878487827,0.6537345867652116,0.7251059661238871
8.49056603773585,0.6903446066010459,0.6549080036546383,0.7264994044074854
8.59119496855346,0.6916360500393482,0.6560458937017576,0.7278766115444909
8.69182389937107,0.692941421867288,0.6572217498725401,0.7292381360879544
8.79245283018868,0.6942076274013242,0.6583624647072814,0.7307423320632861
8.89308176100629,0.6954788291157472,0.6594973403104885,0.7320807041167733
8.9937106918239,0.6967765629020035,0.6606141405723155,0.733486701350478
9.09433962264151,0.6980661736518728,0.6618078393810607,0.7348953140790303
9.19496855345912,0.6993658480916006,0.6630204741996352,0.7363325326935751
9.29559748427673,0.7006826821710403,0.6642196041697362,0.7377450514786997
9.39622641509434,0.7020264464076809,0.6653095143292936,0.7393092098850851
9.49685534591195,0.7033448446735837,0.6664797051777541,0.7407803601356717
9.59748427672956,0.7046865654830381,0.667738705538312,0.7422634154317114
9.69811320754717,0.7060318649426229,0.6688933515348712,0.7437136815841637
9.79874213836478,0.7073616509067584,0.6700617699787818,0.7452350313259977
9.89937106918239,0.7086856908915146,0.6712937159522205,0.7467417891037292
10,0.7100322233401806,0.6724437411756476,0.7482828608685991
