year,prediction,estimate,CI_low,CI_high,year_c,temp_mean_c,mean_clutch,sd_clutch
1981,Conditional: mean temperature,5.952424909053409,5.842614320354547,6.064544803630011,-21.61363636363626,-1.7953501264363374,5.783783783783784,0.7811173989652956
1982,Conditional: mean temperature,5.958292597140909,5.852035874276023,6.066230129572898,-20.61363636363626,-1.3837222194595933,5.929203539823009,0.5781252669388115
1983,Conditional: mean temperature,5.964058725775001,5.861588988801251,6.068238115426079,-19.61363636363626,-0.7465129171340124,6.161904761904762,0.681116299848575
1984,Conditional: mean temperature,5.969677435628409,5.871067357620172,6.07054061482716,-18.61363636363626,-0.5255826845758724,6.070866141732283,0.918773357221332
1985,Conditional: mean temperature,5.975486976250001,5.880640322188921,6.072407211579546,-17.61363636363626,-2.9651175682968027,5.758928571428571,0.700650093420784
1986,Conditional: mean temperature,5.981394881452273,5.8904470058603415,6.0744078632243745,-16.61363636363626,-1.4790710566688956,5.818181818181818,0.76927447428289
1987,Conditional: mean temperature,5.9870848657397735,5.899930373193694,6.0764775617686935,-15.61363636363626,-1.918605940389826,5.767857142857143,0.8089426510477593
1988,Conditional: mean temperature,5.9930512059340915,5.909417662349092,6.078537176146648,-14.61363636363626,-1.418605940389826,5.97948717948718,0.7527199774986106
1989,Conditional: mean temperature,5.998627595289772,5.918443514490456,6.080715478205164,-13.61363636363626,0.12790568751715092,6.056451612903226,0.7232676564815875
1990,Conditional: mean temperature,6.004420266488637,5.927169832789773,6.083108967667614,-12.61363636363626,2.113952199145058,6.15962441314554,0.9280044779521812
1991,Conditional: mean temperature,6.010258025088637,5.936070774302672,6.085151791149489,-11.61363636363626,-0.45814082411075585,6.1421052631578945,0.8330575984924542
1992,Conditional: mean temperature,6.016078614194319,5.94464846460358,6.087840704988437,-10.61363636363626,-0.9697687310875,5.926666666666667,0.828167433276116
1993,Conditional: mean temperature,6.021738478640909,5.953617264048296,6.090497120564603,-9.61363636363626,0.2813940596101743,6.251231527093596,0.7042557764087436
1994,Conditional: mean temperature,6.027688292308865,5.962420534620229,6.093100079749318,-8.61363636363626,-0.24651291713401235,6.073170731707317,0.8685756850774694
1995,Conditional: mean temperature,6.033446013494318,5.970569546117899,6.0958077249224445,-7.61363636363626,-0.5465129171340122,5.976430976430977,0.7816195435946512
1996,Conditional: mean temperature,6.03939157834659,5.978519906358126,6.099518911176648,-6.61363636363626,-1.0837222194595937,5.757575757575758,0.7175569737241667
1997,Conditional: mean temperature,6.0451319570522735,5.986943332988922,6.102914982189148,-5.61363636363626,-1.3697687310875004,6.024096385542169,0.8308579518233359
1998,Conditional: mean temperature,6.05090140725341,5.994715418638865,6.1056982484988636,-4.61363636363626,-0.46279198690145407,6.127906976744186,0.7659562568593279
1999,Conditional: mean temperature,6.05647058657841,6.001856291705684,6.110036435135625,-3.61363636363626,0.34883592007528996,6.123505976095617,0.690423970444352
2000,Conditional: mean temperature,6.062172649335228,6.008602239901989,6.114078679118625,-2.6136363636362603,1.1395335944938951,6.210958904109589,0.7239167056078596
2001,Conditional: mean temperature,6.068003468521591,6.015449686864433,6.11839639860983,-1.6136363636362605,-0.5372105915526166,6.079861111111111,0.7305269790047547
2002,Conditional: mean temperature,6.073771709964774,6.021792651936081,6.12318766434699,-0.6136363636362603,0.30697545495901135,6.488826815642458,0.7089964250315219
2003,Conditional: mean temperature,6.079433411557955,6.02722249958284,6.128632995564263,0.3863636363637397,-0.9953501264363372,6.100313479623824,0.7581630577759767
2004,Conditional: mean temperature,6.085300059293182,6.033243934561024,6.134841981200734,1.3863636363637395,0.6790684782148251,6.378839590443686,0.8044159062375948
2005,Conditional: mean temperature,6.090983448789773,6.038156741643467,6.141046422260511,2.3863636363637397,-0.255815242715407,6.192634560906516,0.7479153791508316
2006,Conditional: mean temperature,6.096608457314773,6.042909986012386,6.147497523759602,3.3863636363637397,-0.2976757078316865,6.232323232323233,0.6955738649413871
2007,Conditional: mean temperature,6.102411736703409,6.047683649162728,6.154179730061478,4.38636363636374,0.9697661526334302,6.102362204724409,0.9182785550435268
2008,Conditional: mean temperature,6.108098111070455,6.051741451277386,6.160868307562217,5.38636363636374,1.041859175889244,6.181034482758621,0.959699201773828
2009,Conditional: mean temperature,6.113730438996592,6.055792856266926,6.168240231137273,6.38636363636374,1.0255801061218015,6.265116279069767,0.8331376145727423
2010,Conditional: mean temperature,6.1194160895170455,6.059445980044034,6.17571809465199,7.38636363636374,-0.98023384736657,6.128787878787879,0.8425876631428639
2011,Conditional: mean temperature,6.12517201527841,6.0634041606102835,6.1838513604780685,8.38636363636374,0.11627778054040672,6.37,0.7743377799731422
2012,Conditional: mean temperature,6.130863359860228,6.066432681321194,6.1918342545463645,9.38636363636374,-0.13139663806424462,6.567741935483871,0.7918759945895779
2013,Conditional: mean temperature,6.136560243896591,6.069438430039773,6.200058978756819,10.38636363636374,-1.6046524520177328,6.148371531966224,0.791523863221126
2014,Conditional: mean temperature,6.142323290426138,6.0723647719806255,6.208730877039545,11.38636363636374,1.1627894084473835,6.350318471337579,0.8275252175067314
2015,Conditional: mean temperature,6.147995956005682,6.075742606169034,6.217889290378979,12.38636363636374,0.6906963851915693,6.127208480565371,0.7125188889274412
2016,Conditional: mean temperature,6.1539318757,6.07870119020267,6.226851284121875,13.38636363636374,1.186045222400872,6.395229982964225,0.7884692084992063
2017,Conditional: mean temperature,6.1595783045602275,6.08133833763658,6.235784202550057,14.38636363636374,-0.2697687310874999,6.2477611940298505,0.6711234233639827
2018,Conditional: mean temperature,6.1653487524397725,6.083426987656478,6.244934042398694,15.38636363636374,0.3395335944938953,6.029032258064516,0.8935922733884898
2019,Conditional: mean temperature,6.171159640630682,6.085901666750625,6.254293595076535,16.38636363636374,1.3232545247264529,6.330275229357798,0.8038507080086925
2021,Conditional: mean temperature,6.182625782514773,6.090042379340909,6.273402793752956,18.38636363636374,0.08371964100552276,6.059523809523809,0.7637159467589397
2022,Conditional: mean temperature,6.188549333098865,6.092305444457329,6.2828941617026715,19.38636363636374,0.20930103635436037,6.075949367088608,0.8285320955164479
2023,Conditional: mean temperature,6.1943680469772735,6.093888923674267,6.292473709185512,20.38636363636374,-0.1418617543433145,6.601449275362318,0.7402885122368413
2024,Conditional: mean temperature,6.200127893963637,6.095784496604546,6.302105589668013,21.38636363636374,0.5581382456566857,6.349397590361446,0.6520836198764665
2025,Conditional: mean temperature,6.20587674309091,6.097348423442955,6.311635821076706,22.38636363636374,1.4232545247264534,6.402234636871508,0.851433378819992
