temp_group,rel_bin,rel_LD,fledged,se,n
3.5 °C,"[-6.01,-4.6]",-5.459627329192546,5.3478260869565215,NA,161
3.5 °C,"(-4.6,-3.2]",-3.9820143884892087,5.071942446043166,NA,139
3.5 °C,"(-3.2,-1.8]",-2.401565995525727,5.214765100671141,NA,447
3.5 °C,"(-1.8,-0.4]",-0.9940828402366864,5.038461538461538,NA,338
3.5 °C,"(-0.4,1]",0.49736842105263157,5.129824561403509,NA,570
3.5 °C,"(1,2.4]",1.9666666666666666,4.8,NA,210
3.5 °C,"(2.4,3.8]",2.981707317073171,4.689024390243903,NA,164
3.5 °C,"(3.8,5.2]",4.450920245398773,4.411042944785276,NA,163
3.5 °C,"(5.2,6.6]",5.951219512195122,4.048780487804878,NA,41
3.5 °C,"(6.6,8.01]",7.423728813559322,4.3559322033898304,NA,59
5.0 °C,"[-6.01,-4.6]",-5.278645833333333,5.359375,NA,192
5.0 °C,"(-4.6,-3.2]",-3.9918032786885247,5.327868852459017,NA,183
5.0 °C,"(-3.2,-1.8]",-2.4725490196078432,5.215686274509804,NA,510
5.0 °C,"(-1.8,-0.4]",-1.0115942028985507,5.055072463768116,NA,345
5.0 °C,"(-0.4,1]",0.44207836456558774,4.936967632027257,NA,587
5.0 °C,"(1,2.4]",1.9941520467836258,4.643274853801169,NA,171
5.0 °C,"(2.4,3.8]",3.025,4.542857142857143,NA,140
5.0 °C,"(3.8,5.2]",4.444078947368421,4.526315789473684,NA,152
5.0 °C,"(5.2,6.6]",5.975,4.466666666666667,NA,60
5.0 °C,"(6.6,8.01]",7.466666666666667,3.95,NA,60
6.3 °C,"[-6.01,-4.6]",-5.424489795918367,4.853061224489796,NA,245
6.3 °C,"(-4.6,-3.2]",-4,4.604166666666667,NA,192
6.3 °C,"(-3.2,-1.8]",-2.4747191011235956,4.617977528089888,NA,356
6.3 °C,"(-1.8,-0.4]",-1,4.411764705882353,NA,204
6.3 °C,"(-0.4,1]",0.43326039387308535,4.280087527352298,NA,457
6.3 °C,"(1,2.4]",2,4.0359281437125745,NA,167
6.3 °C,"(2.4,3.8]",3,3.8226950354609928,NA,141
6.3 °C,"(3.8,5.2]",4.401273885350318,3.789808917197452,NA,157
6.3 °C,"(5.2,6.6]",6,3.3333333333333335,NA,57
6.3 °C,"(6.6,8.01]",7.304878048780488,3.6463414634146343,NA,82
