temp_mean,estimate,lower,upper
2.1674418604651162,-0.05079005625128205,-0.07103050819463388,-0.02971353163144009
2.199385695480474,-0.05106550804818398,-0.07109985984034074,-0.030185067726216014
2.2313295304958314,-0.05132266421538247,-0.07115267005854245,-0.03064863123355025
2.263273365511189,-0.05159259939714843,-0.07120531987519114,-0.031166671842251466
2.2952172005265465,-0.05184874702689404,-0.07128580566767116,-0.0316199855443227
2.3271610355419043,-0.05211713951196454,-0.0713146193829639,-0.03208136410007686
2.359104870557262,-0.05239717562739112,-0.07136176338697062,-0.032527067406500756
2.3910487055726195,-0.05264439859410447,-0.07142303574368954,-0.032959571628350885
2.4229925405879773,-0.05291677117446643,-0.07147001946939972,-0.03345338956570246
2.4549363756033347,-0.05318303505077316,-0.07152329215505923,-0.033908673053611296
2.4868802106186925,-0.053452645900277124,-0.07159973410114899,-0.03436662999463418
2.51882404563405,-0.05371570912514867,-0.07170270361378743,-0.034823857898306394
2.5507678806494076,-0.053972890668957364,-0.07177232115851831,-0.035280411083114575
2.5827117156647654,-0.054225225026436466,-0.07184155329513874,-0.03571742000786419
2.614655550680123,-0.05448539710017146,-0.07191250152212339,-0.0361427713735894
2.6465993856954806,-0.05475865416891641,-0.07200038757939961,-0.03656886698010289
2.678543220710838,-0.05500389797858406,-0.07210964449137998,-0.03705128422386061
2.7104870557261957,-0.05528097349494358,-0.07219665676684539,-0.03754720389372757
2.742430890741553,-0.055556163627426,-0.0723018526459578,-0.0380229537562699
2.774374725756911,-0.05581078840611525,-0.07240492435096021,-0.03845814414705713
2.8063185607722687,-0.0560658304202797,-0.0725250146161941,-0.038924757195139915
2.838262395787626,-0.05633344351384041,-0.07262293570965504,-0.03939316763097502
2.870206230802984,-0.056599260979705454,-0.0727095431344104,-0.03983691797418465
2.9021500658183412,-0.05685414608195508,-0.07277040505018846,-0.04032480802333766
2.934093900833699,-0.05710890816054713,-0.07285775783496991,-0.04081283136283486
2.9660377358490564,-0.05736476242443469,-0.07289202756063903,-0.041277590694653685
2.997981570864414,-0.05764149645281354,-0.07295858293824775,-0.04171704303784554
3.029925405879772,-0.0579225329197401,-0.07299347686365161,-0.042156204688671775
3.0618692408951294,-0.05817514687631552,-0.07306808404607396,-0.042600241555637595
3.093813075910487,-0.05843795442259966,-0.0731666690484761,-0.0430496099425425
3.1257569109258445,-0.05870537991236034,-0.07329217887740366,-0.04350638637449562
3.1577007459412023,-0.058965886223170866,-0.07341276055519773,-0.04396343714506424
3.1896445809565597,-0.05922328535614181,-0.07350262781573522,-0.04443703935046647
3.2215884159719175,-0.05947823601957111,-0.07360777479216944,-0.04488521035988288
3.2535322509872753,-0.0597494857013122,-0.07368031882396728,-0.04533320881388812
3.2854760860026326,-0.06001751037393953,-0.07376924768431146,-0.04575897785015003
3.3174199210179904,-0.06028463807417592,-0.0738584543299206,-0.046152647945817624
3.3493637560333482,-0.06054632314841642,-0.07392446725356237,-0.046596775007001164
3.3813075910487056,-0.06080507043747201,-0.07400530926231985,-0.04701185938785793
3.413251426064063,-0.06107389537012691,-0.07411019763634605,-0.047479114527442884
3.4451952610794208,-0.0613316540012339,-0.07424200039605411,-0.04792137603501148
3.4771390960947786,-0.06160838406272218,-0.07431153887995531,-0.04838026314556199
3.509082931110136,-0.06186945084973537,-0.074431991751454707,-0.04883200383999674
3.5410267661254937,-0.06214938003745177,-0.07457559037619359,-0.04927556734696392
3.5729706011408515,-0.062407875252374304,-0.07469400518501614,-0.04969698266542141
3.604914436156209,-0.0626645320887445,-0.07482919618955924,-0.050144407196398955
3.6368582711715662,-0.0629344254574277,-0.0749048133156312,-0.05057782002924391
3.668802106186924,-0.06319310180801646,-0.07500473072204498,-0.051024175173108366
3.700745941202282,-0.06343370945207807,-0.0750764964051522,-0.05146028701599527
3.732689776217639,-0.06370599024951373,-0.0751913421495867,-0.05192348117890872
3.764633611232997,-0.06395558936141099,-0.07528902609339737,-0.05234177728088787
3.796577446248355,-0.06422812430129646,-0.07540577165730071,-0.052772832868789796
3.828521281263712,-0.06449026037679133,-0.07555585095606356,-0.05323926595691505
3.8604651162790695,-0.06475162385855694,-0.07565079744696183,-0.05367286711563807
3.8924089512944273,-0.06502128976425176,-0.07581927341852722,-0.05409851542458323
3.924352786309785,-0.06529116586927622,-0.0759691955732092,-0.054535649171761166
3.9562966213251425,-0.0655555400578487,-0.07616293229023051,-0.05497579836795468
3.9882404563405003,-0.06584128874886905,-0.07629160441888559,-0.05543612360067506
4.020184291355858,-0.06611194403184877,-0.07645349307390023,-0.05582491494997301
4.0521281263712154,-0.06639056247776196,-0.07656744516301182,-0.056207909688847514
4.084071961386573,-0.06666417330618885,-0.07669240825832453,-0.05659057634921097
4.116015796401931,-0.06691780906166458,-0.07683143082382957,-0.057031006291696607
4.147959631417288,-0.06716950238203193,-0.07699694252536665,-0.05743774181562443
4.179903466432646,-0.06744583681460942,-0.07715968677069417,-0.05783462185244765
4.211847301448003,-0.06772240842730065,-0.07728404898081119,-0.05824355959824907
4.243791136463361,-0.06797872128083571,-0.07739941775847088,-0.05865673882816935
4.275734971478719,-0.06824150313580923,-0.07754114721136647,-0.059043718055245546
4.307678806494076,-0.06850770928861061,-0.07770763598169451,-0.05942625496193456
4.339622641509434,-0.06877695156708971,-0.07785390469192206,-0.059838352515206576
4.371566476524792,-0.06904192248656957,-0.07799972993357644,-0.060189121638156026
4.403510311540149,-0.06929926423686109,-0.07816961631473238,-0.06054438331791859
4.435454146555507,-0.06956117443710433,-0.07834408899950135,-0.06090614667570011
4.467397981570865,-0.0698508039491304,-0.07853508652174983,-0.061266033423095674
4.499341816586222,-0.07010820969785483,-0.07872264897369069,-0.061588721367334474
4.53128565160158,-0.0703864789606969,-0.07892669233930484,-0.06198752975182371
4.563229486616937,-0.07066474349680751,-0.07907467506832747,-0.06234839639906462
4.595173321632295,-0.07092830673130436,-0.079270355893334,-0.06272166470559219
4.627117156647653,-0.07120674685394662,-0.07942623825416814,-0.06302584778734464
4.65906099166301,-0.07148362595856819,-0.0796092399924998,-0.0633963326705148
4.691004826678368,-0.07175718578217269,-0.0798324908214064,-0.06372400054383807
4.722948661693725,-0.0720342143317034,-0.08005221429624566,-0.06402713104163121
4.754892496709083,-0.07228444070342863,-0.08025784765309493,-0.06436168980908441
4.786836331724441,-0.07254120218978354,-0.0804839169474615,-0.06467959653695127
4.818780166739798,-0.07280952926706327,-0.08071012776530215,-0.06498729404822529
4.850724001755156,-0.07308412857516791,-0.0809761249024198,-0.06525821287287287
4.882667836770514,-0.07334931840820191,-0.08123221566828467,-0.06552035090399276
4.914611671785871,-0.07361302399795547,-0.08146163092869199,-0.06577410464822446
4.946555506801229,-0.07386390474132896,-0.08171987914520504,-0.06604214206076313
4.978499341816587,-0.07413081447196646,-0.08194893593051077,-0.06627512895227364
5.010443176831943,-0.07438689629997479,-0.0821809476974404,-0.06657518744211456
5.0423870118473015,-0.07464276926087082,-0.08247084499693494,-0.06681167289309194
5.07433084686266,-0.0749179128204199,-0.08278578530549578,-0.06711646749869524
5.106274681878016,-0.07518747904856561,-0.08307715123991748,-0.06735431702301196
5.1382185168933745,-0.07544801581630495,-0.08334503942555918,-0.0676101930228872
5.170162351908732,-0.07570930119573979,-0.08364642709924816,-0.06784854887619483
5.202106186924089,-0.07596752614500939,-0.08391220526911439,-0.0681180525272469
5.2340500219394475,-0.07622336047215311,-0.08415046688032746,-0.06832404455360809
5.265993856954805,-0.07648956766109652,-0.08447921455785982,-0.06854071607673565
5.297937691970162,-0.07677735488332432,-0.0848034039326776,-0.06871168542005504
5.32988152698552,-0.07700888116713528,-0.08517911489477284,-0.06891051963285492
5.361825362000878,-0.077277002291323,-0.08544329388376332,-0.0690788342132346
5.393769197016235,-0.07754066601836726,-0.08573664655688787,-0.06925692979501318
5.425713032031593,-0.07783699937836074,-0.08609591439561658,-0.06944901225167999
5.457656867046951,-0.07810689651163241,-0.08640545844200138,-0.06965666210027106
5.489600702062308,-0.07838777599110845,-0.08674156619670229,-0.06987351692101602
5.521544537077666,-0.0786511391987516,-0.08709489048571135,-0.07005300886098667
5.553488372093023,-0.07891269469255813,-0.0874282838394824,-0.07023265083142127
5.585432207108381,-0.07916023621319651,-0.08774602063438128,-0.07040124380874223
5.617376042123738,-0.0794151014359368,-0.08812239154886335,-0.07056438774103782
5.649319877139096,-0.07966640585691093,-0.08848423990064502,-0.07071473420234717
5.681263712154454,-0.07994409819642029,-0.08882732866106863,-0.07087228259333611
5.713207547169811,-0.08021237880502469,-0.08919730101456487,-0.07107350169589444
5.745151382185169,-0.08046938464589518,-0.08958518880336584,-0.07121192254041411
5.777095217200527,-0.08075854931158008,-0.08996825501785506,-0.07132030497918142
5.809039052215884,-0.08104118995443514,-0.09039731566705567,-0.07146720582173223
5.840982887231242,-0.08130962017060632,-0.09075159341409134,-0.07156911125570528
5.8729267222466,-0.08159911601255612,-0.09121416734722411,-0.07170355142570313
5.904870557261957,-0.08187121431857,-0.09161805191771571,-0.07181969075865349
5.936814392277315,-0.0821390032425209,-0.09204700634305814,-0.07194118821099857
5.968758227292673,-0.08240224456417897,-0.09246578391901891,-0.07209005723034523
6.000702062308029,-0.08268969008262857,-0.0929218599812889,-0.07225445337804907
6.032645897323388,-0.082949762144155,-0.09329029681473476,-0.07239032895126717
6.064589732338746,-0.08319054868640363,-0.09368766166676565,-0.0725449868713997
6.096533567354102,-0.08346474377356466,-0.09407237433208701,-0.07261619284339617
6.128477402369461,-0.08372887746125382,-0.09449285623669965,-0.07271080959278464
6.160421237384818,-0.08399329962021321,-0.09488429049594564,-0.07279370532369918
6.192365072400175,-0.08425384605965076,-0.09529811437202527,-0.07292432618650256
6.2243089074155336,-0.0845055144623734,-0.09576424582693649,-0.07307300902845412
6.256252742430891,-0.08476581043799011,-0.09618022200816907,-0.0731577175321881
6.288196577446248,-0.08501901744058335,-0.09662146250251646,-0.07329311809909511
6.3201404124616065,-0.08527792278695323,-0.09707964283425986,-0.07340138319489624
6.352084247476964,-0.08554670017108898,-0.0975458368341887,-0.07350127461508374
6.384028082492321,-0.08580621114012117,-0.0979953547144878,-0.07359081896123734
6.415971917507679,-0.08607525751734398,-0.09842297959102564,-0.07369455815732825
6.447915752523037,-0.08637400284148794,-0.09884765930873467,-0.07380626204667852
6.479859587538394,-0.08663664720101316,-0.09929487713575731,-0.07392314038098978
6.5118034225537516,-0.08690686896963232,-0.09970728745195172,-0.0740209357669341
6.54374725756911,-0.08719028538097648,-0.10016131851816057,-0.07409410393976441
6.575691092584467,-0.08746597060440307,-0.10061656223265744,-0.07420175801823284
6.6076349275998245,-0.08774064477019464,-0.10107955985619912,-0.07432138390575954
6.639578762615182,-0.08799467450743421,-0.10154311905400995,-0.07442439583060635
6.67152259763054,-0.0882597267445633,-0.10197812089721156,-0.07451081526044898
6.7034664326458975,-0.08853029573683757,-0.10245522007616122,-0.074587741384856035
6.735410267661255,-0.08877999608151911,-0.10291143158067557,-0.07471577308249375
6.767354102676613,-0.0890526490871679,-0.10333877953248609,-0.07481903804355164
6.79929793769197,-0.08931804199535165,-0.10377581809846721,-0.07489709973454395
6.831241772707328,-0.08956670857975427,-0.10420297254057487,-0.07497554825341386
6.863185607722685,-0.08982968210685657,-0.10466006667177224,-0.07508143982391959
6.895129442738043,-0.09010722357977465,-0.10510282722927115,-0.07511020070586852
6.927073277753401,-0.09036048292454618,-0.10554421719132823,-0.07522054304770573
6.959017112768758,-0.09063181040426052,-0.10604026748700036,-0.07531158056128084
6.990960947784116,-0.0909043267821989,-0.10645984195192161,-0.07542824388360525
7.022904782799474,-0.09118368359412293,-0.10691750103404095,-0.07548664203698581
7.054848617814831,-0.09146677655084776,-0.10737076910877044,-0.07557453945753194
7.086792452830189,-0.09173666141281557,-0.10785802250263843,-0.07568777892250923
7.118736287845547,-0.09201137562432343,-0.10833002882028675,-0.0758000343281275
7.150680122860904,-0.09225796362508794,-0.10878482942484091,-0.07584133522530362
7.182623957876261,-0.09251284527903106,-0.1092412754046367,-0.07592114756200197
7.21456779289162,-0.09276651469685929,-0.10971782443592781,-0.07602092555330935
7.246511627906977,-0.0930414201716279,-0.11020578780665473,-0.07610462500076237
