temp_mean,estimate,SE,CI_low,CI_high
3.5413222313963613,4.102765256221881,0.11775178596233285,3.8719717557357085,4.333558756708054
3.558873789097107,4.097316823872444,0.11681794618962786,3.8683536493407735,4.3262799984041145
3.576425346797853,4.091860269174615,0.11588968083865474,3.8647164947308514,4.319004043618378
3.593976904498599,4.086395585306542,0.11496705869418415,3.861060150265941,4.3117310203471435
3.6115284621993453,4.080922765678332,0.11405015003521532,3.8573844716093095,4.304461059747354
3.629080019900091,4.075441803934039,0.1131390266616313,3.8536893116772415,4.2971942961908365
3.6466315776008367,4.06995269395368,0.11223376192055064,3.849974520589401,4.28993086731796
3.664183135301583,4.06445542985523,0.11133443073229357,3.846239945619935,4.2826709140905255
3.681734693002329,4.0589500059966275,0.11044110961587532,3.842485431149512,4.275414580843743
3.699286250703075,4.05343641697778,0.10955387671393249,3.8387108186184724,4.268162015337087
3.7168378084038207,4.04791465764257,0.10867281181697999,3.8349159464812894,4.260913368803851
3.7343893661045664,4.0423847230808585,0.1077979963868901,3.8311006501625537,4.253668795999163
3.7519409238053125,4.036846608630496,0.10692951357947611,3.827264762014723,4.246428455246269
3.7694924815060586,4.031300309879322,0.10606744826605466,3.823408111277855,4.239192508480789
3.7870440392068048,4.025745822667176,0.10521188705385377,3.8195305240416224,4.231961121292729
3.8045955969075504,4.0201831430879,0.1043629183051227,3.8156318232098596,4.224734462965941
3.822147154608296,4.014612267491344,0.10352063215479156,3.8117118284679528,4.217512706514736
3.8396987123090423,4.009033192485373,0.10268512052651972,3.8077703562533944,4.210296028717352
3.8572502700097884,4.003445914937863,0.10185647714696015,3.8038072197298214,4.203084610145905
3.874801827710534,3.9978504319787094,0.10103479755805962,3.7998222287649126,4.195878635192506
3.89235338541128,3.992246741001824,0.10022017912720126,3.7958151899125094,4.188678292091138
3.909904943112026,3.986634839667136,0.09941272105498875,3.7917859063993578,4.1814837729349135
3.927456500812772,3.9810147259025843,0.09861252438045814,3.7877341781168865,4.174295273688283
3.945008058513518,3.9753863979061173,0.09781969198349454,3.783659801618468,4.167112994193767
3.962559616214264,3.969749854147682,0.09703432858421925,3.7795625701226125,4.159937138172752
3.98011117391501,3.964105093371217,0.09625654073910299,3.775442273522575,4.152767913219859
3.9976627316157556,3.958452114596632,0.09548643683355043,3.771298698402873,4.145605530790391
4.015214289316502,3.9527909171218036,0.09472412707069063,3.76713162806325,4.138450206180357
4.032765847017248,3.947121500524545,0.09396972345609897,3.762940842550591,4.131302158498499
4.050317404717994,3.94144386466459,0.093223339778167,3.758726118699383,4.124161610629797
4.067868962418739,3.935758009685566,0.09248509158382696,3.7544872301812653,4.117028789189867
4.085420520119485,3.930063936016959,0.09175509614933125,3.75022394756427,4.1099039244696485
4.102972077820231,3.9243616443760887,0.09103347244577957,3.7459360383823608,4.102787250369817
4.120523635520978,3.9186511357700584,0.09032034109908044,3.7416232672158607,4.095679004324256
4.138075193221724,3.912932411497721,0.08961582434402983,3.7372853957834224,4.08857942721202
4.155626750922469,3.9072054731516244,0.08892004597218632,3.732922183046139,4.081488763257109
4.173178308623215,3.901470322619963,0.08823313127322079,3.7285333853244502,4.074407259915476
4.190729866323961,3.895726962088516,0.0875552069694191,3.724118756428455,4.067335167748578
4.208281424024707,3.8899753940425827,0.0868864011430193,3.719678047802265,4.0602727402829
4.225832981725453,3.884215621268915,0.08622684315606963,3.715211008683019,4.053220233854812
4.243384539426199,3.878447646857638,0.08557666356250059,3.710717386275137,4.046177907440139
4.260936097126945,3.8726714742041706,0.08493599401211653,3.7061969259404224,4.039146022467919
4.278487654827691,3.866887107011131,0.08430496714622351,3.7016493714045327,4.032124842617729
4.296039212528437,3.861094549290247,0.08368371648462904,3.697074464980374,4.02511463360012
4.313590770229183,3.8552938053642483,0.08307237630376844,3.692471947808862,4.018115662919635
4.331142327929928,3.849484879868756,0.08247108150573762,3.6878415601175103,4.011128199620002
4.3486938856306745,3.8436677777541624,0.08187996747803986,3.6831830414972044,4.00415251401112
4.366245443331421,3.8378425042875115,0.08129916994388682,3.6784961311974933,3.9971888773775297
4.383797001032167,3.832009065054355,0.08072882480293067,3.673780568440611,3.990237561668099
4.401348558732913,3.8261674659606184,0.08016906796234592,3.6690360927544203,3.9832988391668165
4.418900116433658,3.8203177132344392,0.07962003515822455,3.664262444324319,3.9763729821445595
4.436451674134404,3.8144598134280137,0.07908186176729971,3.659459364364106,3.9694602624919213
4.45400323183515,3.8085937734194233,0.07855468260906719,3.6546265955056514,3.962560951333195
4.4715547895358965,3.802719600414455,0.07803863173843409,3.649763882207124,3.9556753186217857
4.489106347236643,3.7968373019484134,0.07753384222908825,3.6448709711794005,3.9488036327174263
4.506657904937388,3.7909468858879163,0.07704044594784963,3.639947611830131,3.9419461599457017
4.524209462638134,3.785048360432687,0.0765585733203375,3.6349935567248255,3.9351031641405485
4.54176102033888,3.7791417341173363,0.07608835308836269,3.6300085620641456,3.928274906170527
4.559312578039626,3.7732270158131254,0.07562991205953265,3.6249923881764414,3.9214616434498093
4.576864135740372,3.7673042147297244,0.07518337484963854,3.6199448000244328,3.914663629435016
4.5944156934411176,3.76137334041696,0.07474886361847638,3.6148655677247463,3.9078811131091733
4.611967251141864,3.75543440276654,0.07432649779983852,3.609754467078856,3.9011143384542235
4.62951880884261,3.749487412013786,0.07391639382649605,3.6046112801138537,3.8943635439137183
4.647070366543356,3.743532378739337,0.07351866485107657,3.599435795631227,3.887628961847447
4.664621924244102,3.7375693138708392,0.07313342046382355,3.5942278097617453,3.880910817979933
4.682173481944847,3.7315982286846405,0.07276076640830374,3.588987126524365,3.874209330844916
4.699725039645593,3.7256191348074474,0.07240080429620364,3.583713558386888,3.8675247112280067
4.7172765973463395,3.719632044217992,0.07205363132242756,3.5784069268260343,3.86085716160995
4.734828155047086,3.7136369692486673,0.07171933998177359,3.573067062884391,3.8542068756129435
4.752379712747832,3.7076339225871537,0.07139801778852128,3.567693807721652,3.8475740374526555
4.769931270448577,3.7016229172780415,0.07108974700031344,3.562287013157427,3.840958821398656
4.787482828149323,3.695603966724416,0.07079460434775262,3.5568465422028206,3.834361391246011
4.805034385850069,3.6895770846894522,0.0705126607711621,3.5513722695779744,3.82778189980093
4.822585943550815,3.683542285297975,0.07024398116597623,3.545864082212662,3.8212204883832883
4.8401375012515615,3.6774995830380166,0.0699886241382301,3.5403218797270855,3.8146772863489478
4.857689058952307,3.671448992762347,0.06974664177160746,3.534745574889996,3.8081524106346976
4.875240616653053,3.665390529689998,0.06951807940748364,3.52913509405133,3.801645965328666
4.892792174353799,3.6593242094077674,0.06930297543936167,3.5234903775466186,3.795158041268916
4.910343732054545,3.653250047871698,0.06910136112304699,3.517811380070526,3.78868871567287
4.927895289755291,3.6471680614085535,0.06891326040384105,3.512098071017025,3.782238051800082
4.9454468474560365,3.641078266717267,0.06873868976195115,3.506350434783843,3.7758060986506914
4.962998405156783,3.634980680870375,0.06857765807722034,3.500568471039023,3.769392890701727
4.980549962857529,3.628875321315432,0.0684301665141736,3.494752194947652,3.762998447683212
4.998101520558275,3.622762205876404,0.06829620842825572,3.488901637357023,3.7566227743957854
5.015653078259021,3.616641352755055,0.06817576929400741,3.4830168449388004,3.7502658605713095
5.033204635959766,3.6105127805322974,0.06806882665578448,3.47709788028696,3.743927680777635
5.050756193660512,3.6043765081695334,0.06797535010147765,3.471144821970637,3.7376081943684296
5.068307751361258,3.598232555009977,0.0678953012595371,3.465157764541284,3.73130734547867
5.085859309062004,3.592080940779953,0.06782863381944558,3.45913681849384,3.7250250630660666
5.103410866762751,3.585921685590173,0.06777529357562424,3.4530821101819495,3.7187612609983964
5.120962424463496,3.579754809936996,0.06773521849459387,3.446993781687592,3.7125158381864
5.138513982164242,3.573580334703668,0.06770833880505275,3.4408719906457645,3.7062886787615716
5.156065539864988,3.5673982811615366,0.06769457711037813,3.4347169100251955,3.7000796522978776
5.173617097565733,3.5612086709712423,0.06769384852290501,3.4285287278663485,3.693888614076136
5.19116865526648,3.5550115261838973,0.06770606081919407,3.4223076469782767,3.687715405389518
5.208720212967226,3.5488068692422328,0.06773111461536409,3.4160538845961193,3.6815598538883463
5.226271770667972,3.5425947229817245,0.06776890356144107,3.4097676720013,3.675421773962149
5.243823328368718,3.536375110631704,0.06781931455356272,3.4034492541067207,3.669300967156687
5.261374886069463,3.5301480558164355,0.0678822279627777,3.397098889009391,3.66319722262348
5.27892644377021,3.5239135825561747,0.06795751787909306,3.3907168475131524,3.657110317599197
5.296478001470955,3.517671715268209,0.06804505236935168,3.3843034126242797,3.6510400179121385
5.3140295591717015,3.51142247876786,0.06814469374746508,3.3778588790228286,3.6449860785128916
5.331581116872448,3.5051658982694787,0.06825629885548583,3.3713835525127265,3.638948244026231
5.349132674573193,3.498901999387399,0.06837971935397653,3.3648777494536053,3.632926249321193
5.36668423227394,3.4926308081368775,0.06851480202012165,3.358341796177439,3.626919820096316
5.384235789974685,3.486352350935009,0.06866138905203054,3.3517760283930293,3.620928673476989
5.401787347675431,3.4800666546016057,0.06881931837769588,3.345180790581322,3.6149525186218896
5.419338905376177,3.473773746360063,0.06898842396710175,3.3385564353845436,3.6089910573355826
5.436890463076923,3.467473653838187,0.06916853614601516,3.3319033229919977,3.6030439846843767
5.454442020777669,3.4611664050690054,0.06935948191004726,3.3252218205253126,3.5971109896126983
5.471993578478415,3.4548520284915503,0.06956108523763105,3.3185123014257933,3.591191755557307
5.489545136179161,3.448530552951608,0.06977316740063164,3.31177514484637,3.585285961056846
5.507096693879907,3.4422020077024444,0.06999554727138199,3.3050107350505358,3.579393280354353
5.524648251580652,3.435866422405505,0.07022804162501878,3.2982194608204685,3.5735133839905417
5.542199809281399,3.429523827131084,0.07047046543607946,3.2914017148763683,3.5676459393858
5.559751366982145,3.4231742523589723,0.07072263216841251,3.2845578933088837,3.561790611409061
5.577302924682891,3.416817728979058,0.070984354057542845,3.277688395026274,3.555947062931842
5.594854482383637,3.410454288291924,0.07125544238472985,3.270793621217854,3.5501149553659945
5.612406040084382,3.4040839620094006,0.07153570774204566,3.263873974834991,3.54429394918381
5.629957597785129,3.3977067822550815,0.0718249602878946,3.256929860090808,3.538483704419355
5.647509155485874,3.391322781564836,0.07212300999248476,3.249961681979566,3.5326838811501062
5.66506071318662,3.3849319928872634,0.0724296668728481,3.2429698458164813,3.5268941399580456
5.6826122708873665,3.3785344495841363,0.07274474121709151,3.235954756798637,3.5211141423696355
5.700163828588112,3.372130185430802,0.07306804379763948,3.228916819587429,3.5153435512741753
5.717715386288859,3.3657192346165554,0.07339938607330564,3.2218564379128765,3.5095820313202344
5.735266943989604,3.3593016317449935,0.07373858038010134,3.2147740141999948,3.5038292492899923
5.75281850169035,3.352877411834314,0.07408544011075478,3.2076699492172347,3.4980848744513935
5.770370059391096,3.346446610317608,0.07443977988297604,3.200544641746975,3.4923485788882407
5.7879216170918415,3.340009263043098,0.07480141569655849,3.1933984882778437,3.4866200378083527
5.8054731747925885,3.3335654062743645,0.07517016507945745,3.186231882718628,3.480898929830101
5.823024732493334,3.3271150766905278,0.07554584722303267,3.1790452161333835,3.475184937247672
5.84057629019408,3.3206583113863926,0.0759282831066806,3.1718388764972985,3.4694777462754867
5.858127847894826,3.3141951478725793,0.07631729561211849,3.164613248472827,3.4637770472723317
5.875679405595571,3.3077256240755992,0.07671270962761136,3.157368713205481,3.4580825349457176
5.893230963296318,3.3012497783379127,0.07711435214246,3.150105648138691,3.4523939085371342
5.9107825209970635,3.2947676494179463,0.0775220523320886,3.142824426847053,3.4467108719888397
5.92833407869781,3.288279276490076,0.07793564163408805,3.1355254188872634,3.4410331340928884
5.945885636398556,3.2817846991445823,0.07835495381558463,3.1282089896660366,3.435360408623128
5.963437194099301,3.275283957387562,0.07877982503231376,3.1208755003242272,3.429692414450897
5.980988751800048,3.2687770916408123,0.07921009387978434,3.113525307636435,3.4240288756451895
5.998540309500793,3.2622641427416776,0.07964560143692448,3.106158763925306,3.4183695215580494
6.016091867201539,3.255745151942861,0.08008619130259874,3.0987762169897675,3.4127140868959547
6.0336434249022854,3.2492201609122024,0.08053170962538649,3.0913780100464447,3.40706231177796
6.051194982603031,3.2426892117324173,0.08098200512700776,3.083964481683482,3.4014139417813527
6.068746540303778,3.236152346900805,0.08143692911977647,3.0765359658260434,3.395768727975567
6.086298098004523,3.2296096093289184,0.08189633551845509,3.0690927917127464,3.3901264269450904
6.103849655705269,3.2230610423421924,0.08236008084687511,3.061635283882317,3.3844868008020677
6.121401213406015,3.2165066896795502,0.08282802423967942,3.054163762169779,3.3788496171893216
6.13895277110676,3.209946595492954,0.08330002743953045,3.0466785417114743,3.3732146492744337
6.1565043288075065,3.203380804346939,0.0837759547901177,3.0391799329583082,3.3675816757355697
6.174055886508253,3.1968093612180932,0.08425567322528578,3.0316682416965333,3.361950480739653
6.191607444208999,3.19023231149451,0.08473905225459097,3.0241437690755117,3.3563208539135085
6.209159001909745,3.183649700975203,0.0852259639455824,3.0166068116418616,3.3506925903085447
6.22671055961049,3.177061575869481,0.08571628290308961,3.0090576613794253,3.345065490359537
6.244262117311236,3.170467982796281,0.08620988624578549,3.0014966057545416,3.3394393598380208
6.261813675011982,3.163868968783476,0.08670665358028114,2.993923927766125,3.333814009800827
6.2793652327127285,3.1572645812671336,0.08720646697299377,2.9863399060000657,3.3281892565342015
6.296916790413475,3.1506548680907374,0.08770921092001802,2.978744814687502,3.3225649214939725
6.31446834811422,3.14403987750438,0.08821477231521696,2.9711389237665546,3.3169408312422055
6.332019905814966,3.1374196581639024,0.08872304041673622,2.9635224989470994,3.3113168173807055
