year,estimate,SE,CI_low,CI_high
1981,3.54985002285681,0.12687268697397514,3.301179556387819,3.798520489325801
1981.2389937106918,3.5502096241856953,0.12581376005883219,3.303614654470384,3.7968045939010064
1981.4779874213837,3.5505688256719976,0.12475834599662845,3.3060424675186058,3.7950951838253895
1981.7169811320755,3.5509276273804278,0.12370653274541762,3.308462823199409,3.7933924315614465
1981.9559748427673,3.5512860293759405,0.12265841096244774,3.310875543889543,3.791696514862338
1982.1949685534591,3.551644031723724,0.12161407409370834,3.313280446500056,3.7900076169473924
1982.433962264151,3.552001634489208,0.12057361846617165,3.3156773422955115,3.7883259266829046
1982.6729559748428,3.5523588377380615,0.11953714338275509,3.3180660367078616,3.7866516387682614
1982.9119496855346,3.5527156415361896,0.11850475122002521,3.32044632914494,3.784984953927439
1983.1509433962265,3.553072045949737,0.11747654752865426,3.322818012793575,3.7833260791058994
1983.3899371069183,3.5534280510450866,0.11645264113663235,3.325180874417287,3.781675227672886
1983.6289308176101,3.553783656888859,0.11543314425522608,3.327534694148616,3.780032619629102
1983.867924528302,3.5541388635479096,0.11441817258766314,3.3298792452760897,3.7783984818197296
1984.1069182389938,3.554493671089332,0.11340784544050853,3.332214294025935,3.776773048152729
1984.3459119496856,3.554848079580456,0.11240228583768211,3.3345395993385987,3.775156559822313
1984.5849056603774,3.5552020890888514,0.11140162063705034,3.336854912640233,3.77354926553747
1984.8238993710693,3.555555699682317,0.11040598064950474,3.3391599776092877,3.7719514217553463
1985.062893081761,3.555908911428893,0.10941550076041952,3.3414545299384706,3.770363292919315
1985.301886792453,3.5562617243968537,0.10843032005335466,3.3437382970922784,3.768785151701429
1985.5408805031448,3.5566141386547074,0.10745058193584575,3.34601099806045,3.767217279248965
1985.7798742138364,3.5569661542711977,0.10647643426709237,3.3482723431076966,3.7656599654346987
1986.0188679245282,3.5573177713153052,0.10550802948731827,3.3505220335201615,3.764113509110449
1986.25786163522,3.557668989856243,0.10454552474855991,3.3527597613490654,3.76257821836342
1986.4968553459119,3.558019809963455,0.10358908204656865,3.35498520915218,3.7610544107747295
1986.7358490566037,3.5583702317066246,0.10263886835350115,3.3571980497337623,3.759542413679487
1986.9748427672955,3.558720255155665,0.10169505575100671,3.359397945883692,3.7580425644276385
1987.2138364779873,3.5590698803807244,0.10075782156327566,3.361584550116704,3.756555210644745
1987.4528301886792,3.5594191074521833,0.09982734848955677,3.363757504412652,3.7550807104917143
1987.691823899371,3.559767936440654,0.09890382473559277,3.365916439958892,3.7536194329224157
1987.9308176100628,3.560116367416982,0.09798744414335803,3.3680609768960004,3.7521717579379636
1988.1698113207547,3.5604644004522443,0.09707840631841388,3.370190724068153,3.7507380768363356
1988.4088050314465,3.5608120356177513,0.09617691675412374,3.3723052787796686,3.749318792455834
1988.6477987421383,3.5611592729850425,0.0952831869518903,3.3744042265593377,3.7479143194107474
1988.8867924528302,3.5615061126258905,0.09439743453649521,3.3764871409343598,3.746525084317421
1989.125786163522,3.5618525546122974,0.09351988336553134,3.378553583215856,3.7451515260087387
1989.3647798742138,3.5621985990164973,0.09265076363182641,3.3806031022981173,3.743794095734877
1989.6037735849056,3.5625442459109538,0.09179031195765829,3.3826352344739434,3.742453257347964
1989.8427672955975,3.56288949536836,0.09093877147946126,3.3846495032686157,3.741129487468104
1990.0817610062893,3.5632343474616377,0.09009639192161793,3.3866454192952666,3.7398232756280088
1990.3207547169811,3.563578802263943,0.08926342965782276,3.3886224801346105,3.7385351243932754
1990.559748427673,3.563922859848658,0.08844014775839519,3.3905801702422034,3.7372655494551124
1990.7987421383648,3.5642665202893915,0.08762681602180751,3.3925179608866487,3.7360150796921343
1991.0377358490566,3.5646097836599857,0.08682371098858445,3.3944353101223603,3.734784257197611
1991.2767295597484,3.564952650034506,0.08603111593562092,3.396331662800689,3.7335736372683233
1991.5157232704403,3.5652951194872506,0.08524932084886085,3.3982064506234835,3.732383788351018
1991.754716981132,3.565637192092741,0.0844786223721787,3.4000590922432705,3.7312152919422115
1991.993710691824,3.5659788679257294,0.08371932373021504,3.401888993414508,3.7300687424369507
1992.2327044025158,3.566320147061196,0.08297173462283491,3.4036955472004395,3.728944746921952
1992.4716981132076,3.5666610295743433,0.08223617108880947,3.4054781342402767,3.72784392490841
1992.7106918238994,3.5670015155406047,0.08151295533627063,3.4072361230815145,3.726766907999695
1992.9496855345913,3.567341605035639,0.08080241553745479,3.4089688705822274,3.72571433948905
1993.188679245283,3.5676812981353283,0.08010488558524512,3.410675722388248,3.724686873882409
1993.427672955975,3.568020594915784,0.07942070480903997,3.4123560134900655,3.7236851763415024
1993.6666666666667,3.5683594954533415,0.07875021764752736,3.4140090688641878,3.7227099220424953
1993.9056603773586,3.5686979998245603,0.07809377327603124,3.4156342042035392,3.7217617954455813
1994.1446540880504,3.5690361081062263,0.07745172518622502,3.4172307267412254,3.720841489471227
1994.3836477987422,3.5693738203753496,0.07682443071617827,3.4187979361716403,3.719949704579059
1994.622641509434,3.569711136709164,0.07621225052892532,3.4203351256724703,3.7190871477458574
1994.861635220126,3.5700480571851294,0.07561554803801757,3.421841583030615,3.718254531339644
1995.1006289308177,3.5703845818809254,0.07503468877885096,3.4233165918743778,3.717452571887473
1995.3396226415093,3.5707207108744585,0.07447003972494876,3.424759433013559,3.716681988735358
1995.5786163522012,3.5710564442438573,0.07392196854882441,3.4261693858881612,3.7159435025995533
1995.817610062893,3.5713917820674714,0.07339084282756857,3.427545730125437,3.715237834009506
1996.0566037735848,3.571726724423878,0.07287702919385532,3.428887747203922,3.7145657016438345
1996.2955974842766,3.5720612713918714,0.07238089243370736,3.4301947222218048,3.713927820561938
1996.5345911949685,3.572395423050469,0.07190279453303028,3.43146594576573,3.7133249003352082
1996.7735849056603,3.5727291794789102,0.07144309367565775,3.432700715874621,3.7127576430831994
1997.0125786163521,3.5730625407566574,0.07100214319641979,3.4338983400916745,3.7122267414216403
1997.251572327044,3.573395506963393,0.07058029049354551,3.435058137596044,3.7117328763307422
1997.4905660377358,3.5737280781790206,0.07017787590553151,3.436179441404179,3.711276714953862
1997.7295597484276,3.5740602544836615,0.06979523155843104,3.4372616006291365,3.7108589083381864
1997.9685534591194,3.5743920359576618,0.06943268019033212,3.438303982784611,3.7104800891307126
1998.2075471698113,3.574723422681584,0.06909053396057663,3.439305976118854,3.7101408692443143
1998.446540880503,3.5750544147362118,0.06876909325201037,3.4402669919622713,3.7098418375101523
1998.685534591195,3.575385012202548,0.06846864547522274,3.4411864670711116,3.7095835573339846
1998.9245283018868,3.575715215161815,0.06818946388431699,3.4420638659485534,3.709366564375076
1999.1635220125786,3.576045023695452,0.06793180641422729,3.4428986831235666,3.7091913642673373
1999.4025157232704,3.576374437885118,0.0676959145499465,3.443690445367223,3.709058430403013
1999.6415094339623,3.5767034578126924,0.06748201223823355,3.444438713825755,3.70896820179963
1999.880503144654,3.5770320835602685,0.06729030485241469,3.445143086049536,3.708921081071001
2000.119496855346,3.57736031521016,0.06712097822076935,3.445803197897452,3.7089174325228678
2000.3584905660377,3.5776881528448965,0.06697419772868721,3.4464187252966694,3.7089575803931236
2000.5974842767296,3.578015596547225,0.06685010750429857,3.4469893858388,3.7090418072556504
2000.8364779874214,3.5783426464001105,0.06674882969661373,3.4475149401947474,3.7091703526054736
2001.0754716981132,3.578669302486732,0.06667046385436623,3.4479951933321744,3.70934341164129
2001.314465408805,3.5789955648904854,0.06661508641275019,3.448429995521495,3.709561134259476
2001.553459119497,3.579321433694986,0.06658275029409064,3.4488192431185682,3.7098236242714036
2001.7924528301887,3.5796469089840586,0.0665734846272072,3.4491628791147324,3.7101309388533847
2002.0314465408806,3.5799719908417487,0.06658729458885333,3.449460893447596,3.7104830882359012
2002.2704402515724,3.5802966793523123,0.06662416136916104,3.4497133230687567,3.710880035635868
2002.5094339622642,3.580620974600224,0.06668404226152728,3.449920251767631,3.7113216974328176
2002.748427672956,3.580944876670171,0.0667668708758752,3.4500818097534554,3.7118079435868863
2002.9874213836479,3.581268385647053,0.06687255747274273,3.4501981730004774,3.7123385982936288
2003.2264150943397,3.5815915016159856,0.06700098941422596,3.450269562364103,3.7129134408678683
2003.4654088050315,3.5819142246623006,0.06715203172646293,3.450296242478433,3.713532206846168
2003.7044025157234,3.5822365548715354,0.06732552776711588,3.450278520447988,3.7141945892950825
2003.9433962264152,3.5825584923294485,0.06752129999021528,3.4502167443486265,3.7149002403102704
2004.182389937107,3.5828800371220058,0.06773915079979045,3.4501113015544167,3.715648772689595
2004.4213836477988,3.583201189335387,0.06797886348294206,3.4499626169088202,3.7164397617619533
2004.6603773584907,3.583521949055984,0.0682402032124182,3.4497711507596445,3.717272747352324
2004.8993710691823,3.5838423163704016,0.06852291810834725,3.449537396878041,3.7181472358627623
2005.138364779874,3.584162291365455,0.06882674034855353,3.44926188028229,3.71906270244862
2005.377358490566,3.58448187412817,0.06915138731682274,3.4489451549871974,3.7200185932691427
2005.6163522012578,3.584801064745785,0.06949656277860868,3.448587801699712,3.721014327791858
2005.8553459119496,3.5851198633057457,0.06986195807392864,3.4481904254808455,3.722049301130646
2006.0943396226414,3.5854382698957123,0.0702472533176051,3.4477536533932063,3.7231228863982184
2006.3333333333333,3.5857562846035522,0.07065211859753125,3.447278132152391,3.7242344370547134
2006.572327044025,3.586073907517344,0.07107621516226119,3.446764525799312,3.7253832892353755
2006.811320754717,3.5863911387253746,0.0715191965899257,3.4462135134091203,3.726568764041629
2007.0503144654087,3.5867079783161406,0.0719807099312359,3.4456257868509184,3.727790169781363
2007.2893081761006,3.5870244263783473,0.07246039682013683,3.445002048610879,3.7290468041458156
2007.5283018867924,3.5873404830009092,0.07295789454649401,3.444343009689781,3.7303379563120376
2007.7672955974842,3.5876561482729477,0.07347283708602194,3.443649387584345,3.7316629089615505
2008.006289308176,3.5879714222837933,0.07400485608347793,3.4429219043601766,3.73302094020741
2008.245283018868,3.588286305122984,0.07455358178593528,3.442161284822551,3.734411325423417
2008.4842767295597,3.5886007968802645,0.07511864392370486,3.441368254789803,3.735833338970726
2008.7232704402516,3.5889148976455885,0.07569967253718618,3.4405435394727037,3.737286255818473
2008.9622641509434,3.5892286075091135,0.07629629874858844,3.4396878619618803,3.738769353056347
2009.2012578616352,3.5895419265612056,0.07690815547806724,3.438801941824194,3.7402819112982173
2009.440251572327,3.589854854892437,0.0775348781043666,3.437886493807879,3.7418232159769955
2009.6792452830189,3.590167392593584,0.07817610507054171,3.4369422266553222,3.7433925585318457
2009.9182389937107,3.5904795397556324,0.07883147843576095,3.435969842021541,3.744989237489724
2010.1572327044025,3.590791296469769,0.07950064437454904,3.4349700334956528,3.7466125594438853
2010.3962264150944,3.591102662827387,0.08018325362514171,3.4339434857221094,3.7482618399326646
2010.6352201257862,3.5914136389200864,0.08087896188887177,3.4328908736178976,3.749936404222275
2010.874213836478,3.591724224839669,0.0815874301827086,3.4318128616815597,3.751635587997778
2011.1132075471698,3.5920344206781425,0.08230832514722616,3.430710103389579,3.753358737966706
2011.3522012578617,3.5923442265277163,0.08304131931238455,3.4295832406754427,3.75510521237999
2011.5911949685535,3.5926536424808067,0.08378609132358215,3.4284329034865855,3.756874381475028
2011.8301886792453,3.5929626686300304,0.08454232613047218,3.427259709414305,3.758665627845756
2012.0691823899372,3.5932713050682086,0.08530971514104495,3.4260642633917606,3.7604783467446565
2012.308176100629,3.593579551888363,0.08608795634345742,3.4248471574551864,3.7623119463215398
2012.5471698113208,3.5938874091837207,0.08687675439805134,3.42360897056354,3.7641658478039015
2012.7861635220127,3.5941948770477086,0.0876758207019407,3.422350268471905,3.766039485623512
2013.0251572327045,3.594501955573958,0.08848487342847547,3.421071603654146,3.7679323074937696
2013.2641509433963,3.594808644856299,0.08930363754380115,3.4197735152704487,3.7698437744421494
2013.5031446540881,3.595114944988764,0.09013184480263782,3.4184565291755935,3.771773360801934
2013.74213836478,3.5954208560655845,0.09096923372530004,3.4171211579639964,3.7737205541671726
2013.9811320754718,3.5957263781811966,0.09181554955787095,3.4157679010477695,3.7756848553146236
2014.2201257861634,3.5960315114302337,0.0926705442173332,3.4143972447642605,3.777665778096207
2014.4591194968552,3.5963362559075303,0.09353397622335403,3.413009662509756,3.7796628493053044
2014.698113207547,3.5966406117081178,0.0944056106182938,3.4116056148962617,3.781675608519974
2014.937106918239,3.596944578927233,0.095285218876926,3.410185549928458,3.783703607926008
2015.1761006289307,3.5972481576603066,0.096172578807220993,3.4087499031981534,3.7857464121224598
2015.4150943396226,3.59755134800297,0.09706747444346024,3.4072990980937883,3.787803597912152
2015.6540880503144,3.5978541500510546,0.09796969593283965,3.4058335460226887,3.7898747540794204
2015.8930817610062,3.598156563900586,0.09887903941662765,3.404353646643996,3.791959481157176
2016.132075471698,3.598458589647792,0.09979530690685114,3.4028597881103635,3.7940573911852202
2016.3710691823899,3.598760227389096,0.10071830615939492,3.401352347316682,3.79616810746151
2016.6100628930817,3.5990614772211194,0.1016478505443207,3.399831690154251,3.798291264287988
2016.8490566037735,3.5993623392406797,0.10258375891413217,3.398298171768981,3.8004265067123786
2017.0880503144654,3.5996628135447923,0.10352585547064284,3.3967521368223323,3.8025734902672523
2017.3270440251572,3.5999629002306692,0.10447396963103452,3.3951939197538414,3.804731880707497
2017.566037735849,3.600262599395717,0.1054279358936332,3.393623845044196,3.806901353747238
2017.8050314465409,3.6005619111375404,0.10638759370387033,3.3920422274779547,3.809081594797126
2018.0440251572327,3.600860835553939,0.10735278732084423,3.3904493724050844,3.8112722987027934
2018.2830188679245,3.6011593727429054,0.10832336568484803,3.388845576000603,3.8134731694852078
2018.5220125786163,3.6014575228026313,0.1092991822861834,3.387231125521712,3.8156839200835506
2018.7610062893082,3.6017552858314987,0.1102800950355402,3.38560629956184,3.8179042721011576
2019,3.6020526619280893,0.11126596613618302,3.3839713683011707,3.820133955555008
