simulation,temp_mean_c
1,0.006636177417358226
2,-0.015574795872595703
3,0.008633084749608342
4,-0.024052227987617556
5,-0.029777125605595846
6,0.022644974407472984
7,-0.0020339376617434465
8,0.038188362485292025
9,0.017404690594900574
10,0.03073975249738511
11,-0.008130403095239113
12,0.02368539912118651
13,0.02432458280531235
14,0.0011067181627685105
15,-0.03332675666002438
16,0.014306455549293912
17,-0.028309937614306547
18,0.009092445954331355
19,-0.019799029545463632
20,0.013807877253368765
21,-0.02967292382560983
22,-0.020877363824650195
23,0.007301879318797782
24,-0.015610720907864044
25,0.010561048126967827
26,-0.01366645850802544
27,-0.010560079772809428
28,0.01717993243856266
29,-0.011306023539732786
30,-0.024555614375413502
31,-0.0012520918079931608
32,0.017768571936076658
33,0.0069276944009456385
34,0.020414788813388582
35,-0.01952750000940174
36,0.01744458342707425
37,0.004413961736320383
38,0.0035617764442553226
39,-0.0019127778146486155
40,0.004864079349652446
41,5.170357284175154e-4
42,0.010521179011826302
43,-0.02316253429256618
44,-0.011752761166648987
45,-0.009067381559519552
46,0.031161123513465006
47,-0.040243109117062394
48,-0.041079337792619804
49,0.026013952251867072
50,-0.010535646824941411
51,-0.03658228267617642
52,0.026674944486305516
53,0.02496042496703018
54,-0.007282748891686331
55,-0.0012478696151320572
56,0.015885280946248134
57,0.0118427417607842
58,-9.082306152011782e-5
59,0.012886801047544309
60,-0.02138843018472592
61,-0.030675639519413742
62,-0.024163092649046015
63,-0.03065942813311035
64,0.01769208770157809
65,0.002696266633331124
66,0.01598849838790663
67,-0.011458454920870016
68,0.014373359402972673
69,-0.0022596498840999272
70,0.013019154328729883
71,0.015648413528341884
72,-0.011710926196116925
73,0.00618459636533294
74,-0.012000790371150639
75,-0.041655914811013606
76,-0.04989120336833918
77,0.005926442761779574
78,0.01643050670560852
79,0.0505556542608129
80,0.013506543121435916
81,0.014431447028694193
82,0.014478162196373125
83,-0.00890190910922206
84,-0.002922663492209507
85,-0.01175310482776441
86,-0.0046799183364611835
87,0.03387274598902372
88,0.0017525705643040648
89,0.01865880989569399
90,0.008580682107602357
91,0.03665712050014679
92,-0.0144503737818492
93,-0.021295199814984813
94,-0.022744202499734033
95,-0.0021504513046718405
96,-0.009060970212787862
97,0.004365789865843282
98,-0.015946732199580295
99,0.01155420803911948
100,-0.030723774199795054
101,0.002241377361039246
102,0.008993132731430762
103,-0.00856702101610161
104,-0.014672144805935084
105,-0.039960941499251154
106,-0.026378442826683623
107,0.01574822240860993
108,0.022022518318455524
109,-0.0028158728780325764
110,-0.00376793725065849
111,-0.014877793679033548
112,0.051605223506915106
113,-0.024398062174026774
114,0.016829179598047223
115,-0.013732910205575644
116,-0.002820795080726878
117,-0.011972945895054043
118,0.023822350519624665
119,0.020122547920379753
120,0.011591803789605509
121,0.012393599540989305
122,-0.002959327567209399
123,-0.009099033200515666
124,0.0357242936636655
125,0.00845188591188408
126,-0.0024117916463481984
127,0.001968029128257543
128,0.012671815215383778
129,0.015394092841056061
130,0.017292601639419546
131,-0.013841005472955947
132,-0.0243781612155407
133,-0.0010165988653737593
134,0.006307662382173893
135,-0.014812742901800482
136,-0.0030400901812679066
137,-0.025236441793315127
138,0.007499923779730148
139,0.003969842282199266
140,-0.01565791117896995
141,0.006749247667945538
142,0.004737742723308408
143,0.04318076533489372
144,-0.00604801933671553
145,0.026518676006969808
146,4.4229211346481876e-4
147,-0.012658512900983153
148,0.014917736738922372
149,0.014473670371836908
150,0.0022549337852345334
151,0.005916074247329011
152,-0.027834000946412973
153,0.0057334675007186505
154,0.018934308356477535
155,0.03722538487217651
156,-0.002425229225911923
157,-0.007883806607129937
158,0.030489808245303875
159,-0.020840878537977725
160,0.002781620109073397
161,0.03308702496142536
162,-0.016468688022254065
163,-0.012053620781485024
164,0.006364918560446373
165,-0.00861621151075957
166,-0.018988520314749006
167,0.01385000546172611
168,-0.027021706135943176
169,0.023347212065111984
170,0.005885361086861541
171,-0.028421275586870885
172,-0.018164852466503505
173,0.0020351729549579643
174,0.03229878095424295
175,0.034995826761093494
176,0.0035951858877902513
177,-0.016894803213894798
178,-0.021386745437413403
179,-0.0010691340528463547
180,-0.036166484001467936
181,-0.026418099249603092
182,0.036242341659185
183,0.008074033544466341
184,-0.004317520729915146
185,0.07706946821685966
186,0.015152004506704743
187,-0.034941062359880884
188,-0.007889507951794007
189,-0.007812142500845477
190,-0.0036734753193112843
191,-0.03426639015421601
192,0.011582480978272311
193,-0.013314165325385369
194,0.006405447180143519
195,-0.007534209888146169
196,-0.003397005066940459
197,0.005070712921940107
198,-0.006255778897216649
199,-0.03413796681334809
200,-0.01250874207635088
