year,records,missing_rel_LD,proportion_missing_rel_LD
1981,197,0,0
1982,189,0,0
1983,164,0,0
1984,148,0,0
1985,148,0,0
1986,176,0,0
1987,191,0,0
1988,168,0,0
1989,166,0,0
1990,143,0,0
1991,145,1,1
1992,134,0,0
1993,155,1,1
1994,185,0,0
1995,275,0,0
1996,226,0,0
1997,121,1,1
1998,153,5,5
1999,138,1,1
2000,181,1,1
2001,111,0,0
2002,63,0,0
2003,197,0,0
2004,227,0,0
2005,252,0,0
2006,130,7,7
2007,178,1,1
2008,240,0,0
2009,192,1,1
2010,183,0,0
2011,267,0,0
2012,415,5,5
2013,652,3,3
2014,571,14,14
2015,297,0,0
2016,436,0,0
2017,99,0,0
2018,276,2,2
2019,221,31,31
