year,age_class,records,proportion
1981,MISSING,143,0.6589861751152074
1981,OLD,48,0.22119815668202766
1981,YOUNG,26,0.11981566820276497
1982,MISSING,124,0.5232067510548524
1982,OLD,84,0.35443037974683544
1982,YOUNG,29,0.12236286919831224
1983,MISSING,84,0.4444444444444444
1983,OLD,88,0.4656084656084656
1983,YOUNG,17,0.08994708994708994
1984,MISSING,63,0.33157894736842103
1984,OLD,78,0.4105263157894737
1984,YOUNG,49,0.2578947368421053
1985,MISSING,72,0.3891891891891892
1985,OLD,70,0.3783783783783784
1985,YOUNG,43,0.23243243243243245
1986,MISSING,36,0.145748987854251
1986,OLD,112,0.4534412955465587
1986,YOUNG,99,0.4008097165991903
1987,MISSING,3,0.013215859030837005
1987,OLD,135,0.5947136563876652
1987,YOUNG,89,0.3920704845814978
1988,MISSING,15,0.07109004739336493
1988,OLD,116,0.5497630331753555
1988,YOUNG,80,0.3791469194312796
1989,MISSING,25,0.09157509157509157
1989,OLD,136,0.4981684981684982
1989,YOUNG,112,0.41025641025641024
1990,MISSING,28,0.11570247933884298
1990,OLD,144,0.5950413223140496
1990,YOUNG,70,0.2892561983471074
1991,MISSING,56,0.22134387351778656
1991,OLD,141,0.5573122529644269
1991,YOUNG,56,0.22134387351778656
1992,MISSING,9,0.05660377358490566
1992,OLD,108,0.6792452830188679
1992,YOUNG,42,0.2641509433962264
1993,MISSING,40,0.16326530612244897
1993,OLD,107,0.43673469387755104
1993,YOUNG,98,0.4
1994,MISSING,28,0.11965811965811966
1994,OLD,120,0.5128205128205128
1994,YOUNG,86,0.36752136752136755
1995,MISSING,20,0.06309148264984227
1995,OLD,155,0.4889589905362776
1995,YOUNG,142,0.4479495268138801
1996,MISSING,47,0.16906474820143885
1996,OLD,148,0.5323741007194245
1996,YOUNG,83,0.29856115107913667
1997,MISSING,6,0.03468208092485549
1997,OLD,125,0.7225433526011561
1997,YOUNG,42,0.24277456647398843
1998,MISSING,13,0.04609929078014184
1998,OLD,166,0.5886524822695035
1998,YOUNG,103,0.36524822695035464
1999,MISSING,50,0.16556291390728478
1999,OLD,156,0.5165562913907285
1999,YOUNG,96,0.31788079470198677
2000,MISSING,19,0.04922279792746114
2000,OLD,239,0.6191709844559585
2000,YOUNG,128,0.3316062176165803
2001,MISSING,47,0.14029850746268657
2001,OLD,206,0.6149253731343284
2001,YOUNG,82,0.24477611940298508
2002,MISSING,42,0.105
2002,OLD,290,0.725
2002,YOUNG,68,0.17
2003,MISSING,31,0.08831908831908832
2003,OLD,251,0.7150997150997151
2003,YOUNG,69,0.19658119658119658
2004,MISSING,30,0.09036144578313253
2004,OLD,218,0.6566265060240963
2004,YOUNG,84,0.25301204819277107
2005,MISSING,31,0.08031088082901554
2005,OLD,230,0.5958549222797928
2005,YOUNG,125,0.3238341968911917
2006,OLD,149,0.7129186602870813
2006,YOUNG,60,0.28708133971291866
2007,OLD,171,0.66796875
2007,YOUNG,85,0.33203125
2008,MISSING,2,0.0056657223796034
2008,OLD,273,0.773371104815864
2008,YOUNG,78,0.22096317280453256
2009,MISSING,2,0.004545454545454545
2009,OLD,345,0.7840909090909091
2009,YOUNG,93,0.21136363636363636
2010,MISSING,13,0.03170731707317073
2010,OLD,345,0.8414634146341463
2010,YOUNG,52,0.12682926829268293
2011,MISSING,22,0.05176470588235294
2011,OLD,240,0.5647058823529412
2011,YOUNG,163,0.3835294117647059
2012,MISSING,5,0.007598784194528876
2012,OLD,387,0.5881458966565349
2012,YOUNG,266,0.40425531914893614
2013,MISSING,11,0.011133603238866396
2013,OLD,645,0.652834008097166
2013,YOUNG,332,0.3360323886639676
2014,MISSING,3,0.0030120481927710845
2014,OLD,757,0.7600401606425703
2014,YOUNG,236,0.23694779116465864
2015,MISSING,20,0.027855153203342618
2015,OLD,596,0.83008356545961
2015,YOUNG,102,0.14206128133704735
2016,MISSING,4,0.006568144499178982
2016,OLD,481,0.7898193760262726
2016,YOUNG,124,0.20361247947454844
2017,MISSING,22,0.05597964376590331
2017,OLD,266,0.6768447837150128
2017,YOUNG,105,0.26717557251908397
2018,MISSING,133,0.29954954954954954
2018,OLD,232,0.5225225225225225
2018,YOUNG,79,0.17792792792792791
2019,MISSING,70,0.21406727828746178
2019,OLD,181,0.5535168195718655
2019,YOUNG,76,0.2324159021406728
2021,MISSING,55,0.24663677130044842
2021,OLD,133,0.5964125560538116
2021,YOUNG,35,0.15695067264573992
2022,MISSING,18,0.13432835820895522
2022,OLD,81,0.6044776119402985
2022,YOUNG,35,0.26119402985074625
2023,MISSING,22,0.1134020618556701
2023,OLD,118,0.6082474226804123
2023,YOUNG,54,0.27835051546391754
2024,MISSING,15,0.07653061224489796
2024,OLD,121,0.6173469387755102
2024,YOUNG,60,0.30612244897959184
2025,MISSING,25,0.08196721311475409
2025,OLD,211,0.6918032786885245
2025,YOUNG,69,0.2262295081967213
