year,days,observed,coverage
1980,366,366,1
1981,365,365,1
1982,365,365,1
1983,365,365,1
1984,366,366,1
1985,365,365,1
1986,365,365,1
1987,365,365,1
1988,366,366,1
1989,365,365,1
1990,365,365,1
1991,365,365,1
1992,366,366,1
1993,365,365,1
1994,365,365,1
1995,365,365,1
1996,366,366,1
1997,365,365,1
1998,365,365,1
1999,365,365,1
2000,366,366,1
2001,365,365,1
2002,365,365,1
2003,365,365,1
2004,366,366,1
2005,365,365,1
2006,365,365,1
2007,365,365,1
2008,366,366,1
2009,365,365,1
2010,365,365,1
2011,365,365,1
2012,366,366,1
2013,365,365,1
2014,365,365,1
2015,365,365,1
2016,366,366,1
2017,365,365,1
2018,365,365,1
2019,365,365,1
2020,366,366,1
2021,365,365,1
2022,365,365,1
2023,365,365,1
2024,366,366,1
2025,365,365,1
